Economies,Year,Score,Rank,Abreviatura
Albania,2011,30.45,80,AL
Albania,2012,30.4,90,AL
Albania,2013,30.9,93,AL
Albania,2014,30.5,94,AL
Albania,2015,30.7,87,AL
Albania,2016,28.4,92,AL
Albania,2017,28.9,93,AL
Albania,2018,30,83,AL
Albania,2019,30.3,83,AL
Albania,2020,27.1,83,AL
Albania,2021,28,84,AL
Albania,2022,24.4,84,AL
Argelia,2011,19.79,125,DZ
Argelia,2012,24.4,124,DZ
Argelia,2013,23.1,138,DZ
Argelia,2014,24.2,133,DZ
Argelia,2015,24.4,126,DZ
Argelia,2016,24.5,113,DZ
Argelia,2017,24.3,108,DZ
Argelia,2018,23.9,110,DZ
Argelia,2019,24,113,DZ
Argelia,2020,19.5,121,DZ
Argelia,2021,19.9,120,DZ
Argelia,2022,16.7,115,DZ
Angola,2011,0,0,AO
Angola,2012,22.2,135,AO
Angola,2013,23.5,135,AO
Angola,2014,23.8,135,AO
Angola,2015,26.2,120,AO
Angola,2016,0,0,AO
Angola,2017,0,0,AO
Angola,2018,0,0,AO
Angola,2019,0,0,AO
Angola,2020,0,0,AO
Angola,2021,15,132,AO
Angola,2022,13.9,127,AO
Argentina,2011,35.36,58,AR
Argentina,2012,34.4,70,AR
Argentina,2013,37.7,56,AR
Argentina,2014,35.1,70,AR
Argentina,2015,34.3,72,AR
Argentina,2016,30.2,81,AR
Argentina,2017,32,76,AR
Argentina,2018,30.7,80,AR
Argentina,2019,31.9,73,AR
Argentina,2020,28.3,80,AR
Argentina,2021,29.8,73,AR
Argentina,2022,28.6,69,AR
Armenia,2011,33,69,AM
Armenia,2012,34.5,69,AM
Armenia,2013,37.6,59,AM
Armenia,2014,36.1,65,AM
Armenia,2015,37.3,61,AM
Armenia,2016,35.1,60,AM
Armenia,2017,35.7,59,AM
Armenia,2018,32.8,68,AM
Armenia,2019,34,64,AM
Armenia,2020,32.6,61,AM
Armenia,2021,31.4,69,AM
Armenia,2022,26.6,80,AM
Australia,2011,49.85,21,AU
Australia,2012,51.9,23,AU
Australia,2013,53.1,19,AU
Australia,2014,55,17,AU
Australia,2015,55.2,17,AU
Australia,2016,53.1,19,AU
Australia,2017,51.8,23,AU
Australia,2018,52,20,AU
Australia,2019,50.3,22,AU
Australia,2020,48.4,23,AU
Australia,2021,48.3,25,AU
Australia,2022,47.1,25,AU
Austria,2011,50.75,19,AT
Austria,2012,53.1,22,AT
Austria,2013,51.9,23,AT
Austria,2014,53.4,20,AT
Austria,2015,54.1,18,AT
Austria,2016,52.6,20,AT
Austria,2017,53.1,20,AT
Austria,2018,51.3,21,AT
Austria,2019,50.9,21,AT
Austria,2020,50.1,19,AT
Austria,2021,50.9,18,AT
Austria,2022,50.2,17,AT
Azerbaiyán,2011,29.17,88,AZ
Azerbaiyán,2012,30.4,89,AZ
Azerbaiyán,2013,29,105,AZ
Azerbaiyán,2014,29.6,101,AZ
Azerbaiyán,2015,30.1,93,AZ
Azerbaiyán,2016,29.6,85,AZ
Azerbaiyán,2017,30.6,82,AZ
Azerbaiyán,2018,30.2,82,AZ
Azerbaiyán,2019,30.2,84,AZ
Azerbaiyán,2020,27.2,82,AZ
Azerbaiyán,2021,28.4,80,AZ
Azerbaiyán,2022,21.4,93,AZ
Baréin,2011,37.8,46,BH
Baréin,2012,41.1,41,BH
Baréin,2013,36.1,67,BH
Baréin,2014,36.3,62,BH
Baréin,2015,37.7,59,BH
Baréin,2016,35.5,57,BH
Baréin,2017,34.7,66,BH
Baréin,2018,31.7,72,BH
Baréin,2019,31.1,78,BH
Baréin,2020,28.4,79,BH
Baréin,2021,28.8,78,BH
Baréin,2022,27.9,72,BH
Bangladés,2011,28.05,97,BD
Bangladés,2012,26.1,112,BD
Bangladés,2013,24.5,130,BD
Bangladés,2014,24.4,129,BD
Bangladés,2015,23.7,129,BD
Bangladés,2016,22.9,117,BD
Bangladés,2017,23.7,114,BD
Bangladés,2018,23.1,116,BD
Bangladés,2019,23.3,116,BD
Bangladés,2020,20.4,116,BD
Bangladés,2021,20.2,116,BD
Bangladés,2022,19.7,102,BD
Barbados,2011,0,0,BB
Barbados,2012,0,0,BB
Barbados,2013,40.5,47,BB
Barbados,2014,40.8,41,BB
Barbados,2015,42.5,37,BB
Barbados,2016,0,0,BB
Barbados,2017,0,0,BB
Barbados,2018,0,0,BB
Barbados,2019,0,0,BB
Barbados,2020,0,0,BB
Barbados,2021,0,0,BB
Barbados,2022,0,0,BB
Bielorrusia,2011,0,0,BY
Bielorrusia,2012,32.9,78,BY
Bielorrusia,2013,34.6,77,BY
Bielorrusia,2014,37.1,58,BY
Bielorrusia,2015,38.2,53,BY
Bielorrusia,2016,30.4,79,BY
Bielorrusia,2017,30,88,BY
Bielorrusia,2018,29.4,86,BY
Bielorrusia,2019,32.1,72,BY
Bielorrusia,2020,31.3,64,BY
Bielorrusia,2021,32.6,62,BY
Bielorrusia,2022,27.5,77,BY
Bélgica,2011,49.05,24,BE
Bélgica,2012,54.3,20,BE
Bélgica,2013,52.5,21,BE
Bélgica,2014,51.7,23,BE
Bélgica,2015,50.9,25,BE
Bélgica,2016,52,23,BE
Bélgica,2017,49.9,27,BE
Bélgica,2018,50.5,25,BE
Bélgica,2019,50.2,23,BE
Bélgica,2020,49.1,22,BE
Bélgica,2021,49.2,22,BE
Bélgica,2022,46.9,26,BE
Belice,2011,0,0,BZ
Belice,2012,32.5,80,BZ
Belice,2013,30,102,BZ
Belice,2014,0,0,BZ
Belice,2015,0,0,BZ
Belice,2016,0,0,BZ
Belice,2017,0,0,BZ
Belice,2018,0,0,BZ
Belice,2019,0,0,BZ
Belice,2020,0,0,BZ
Belice,2021,0,0,BZ
Belice,2022,0,0,BZ
Benín,2011,23.81,118,BJ
Benín,2012,24.4,125,BJ
Benín,2013,25.1,127,BJ
Benín,2014,24.2,132,BJ
Benín,2015,0,0,BJ
Benín,2016,22.2,121,BJ
Benín,2017,23,116,BJ
Benín,2018,20.6,121,BJ
Benín,2019,20.4,123,BJ
Benín,2020,18.1,126,BJ
Benín,2021,18,128,BJ
Benín,2022,14.6,124,BJ
Bután,2011,0,0,BT
Bután,2012,0,0,BT
Bután,2013,0,0,BT
Bután,2014,31.8,86,BT
Bután,2015,26.1,121,BT
Bután,2016,27.9,96,BT
Bután,2017,0,0,BT
Bután,2018,0,0,BT
Bután,2019,0,0,BT
Bután,2020,0,0,BT
Bután,2021,0,0,BT
Bután,2022,0,0,BT
Bolivia,2011,25.44,112,BO
Bolivia,2012,25.8,114,BO
Bolivia,2013,30.5,95,BO
Bolivia,2014,27.8,111,BO
Bolivia,2015,28.6,104,BO
Bolivia,2016,25.2,109,BO
Bolivia,2017,25.6,106,BO
Bolivia,2018,22.9,117,BO
Bolivia,2019,24.8,110,BO
Bolivia,2020,22.4,105,BO
Bolivia,2021,23.4,104,BO
Bolivia,2022,0,0,BO
Bosnia y Herzegovina,2011,30.84,76,BA
Bosnia y Herzegovina,2012,34.2,72,BA
Bosnia y Herzegovina,2013,36.2,65,BA
Bosnia y Herzegovina,2014,32.4,81,BA
Bosnia y Herzegovina,2015,32.3,79,BA
Bosnia y Herzegovina,2016,29.6,87,BA
Bosnia y Herzegovina,2017,30.2,86,BA
Bosnia y Herzegovina,2018,31.1,77,BA
Bosnia y Herzegovina,2019,31.4,76,BA
Bosnia y Herzegovina,2020,29,74,BA
Bosnia y Herzegovina,2021,29.6,75,BA
Bosnia y Herzegovina,2022,28.5,70,BA
Botsuana,2011,30.51,79,BW
Botsuana,2012,31.4,85,BW
Botsuana,2013,31.1,91,BW
Botsuana,2014,30.9,92,BW
Botsuana,2015,30.5,90,BW
Botsuana,2016,29,90,BW
Botsuana,2017,30,89,BW
Botsuana,2018,28.2,91,BW
Botsuana,2019,27.4,93,BW
Botsuana,2020,25.4,89,BW
Botsuana,2021,22.9,106,BW
Botsuana,2022,23.9,86,BW
Brasil,2011,37.75,47,BR
Brasil,2012,36.6,58,BR
Brasil,2013,36.3,64,BR
Brasil,2014,36.3,61,BR
Brasil,2015,34.9,70,BR
Brasil,2016,33.2,69,BR
Brasil,2017,33.1,69,BR
Brasil,2018,33.4,64,BR
Brasil,2019,33.8,66,BR
Brasil,2020,31.9,62,BR
Brasil,2021,34.2,57,BR
Brasil,2022,32.5,54,BR
Brunéi,2011,30.93,75,BN
Brunéi,2012,37.7,53,BN
Brunéi,2013,35.5,74,BN
Brunéi,2014,31.7,88,BN
Brunéi,2015,0,0,BN
Brunéi,2016,0,0,BN
Brunéi,2017,32.9,71,BN
Brunéi,2018,32.8,67,BN
Brunéi,2019,32.3,71,BN
Brunéi,2020,29.8,71,BN
Brunéi,2021,28.2,82,BN
Brunéi,2022,22.1,92,BN
Bulgaria,2011,38.42,42,BG
Bulgaria,2012,40.7,43,BG
Bulgaria,2013,41.3,41,BG
Bulgaria,2014,40.7,44,BG
Bulgaria,2015,42.2,39,BG
Bulgaria,2016,41.4,38,BG
Bulgaria,2017,42.8,36,BG
Bulgaria,2018,42.6,37,BG
Bulgaria,2019,40.3,40,BG
Bulgaria,2020,40,37,BG
Bulgaria,2021,42.4,35,BG
Bulgaria,2022,39.5,35,BG
Burkina Faso,2011,23.14,120,BF
Burkina Faso,2012,24.6,122,BF
Burkina Faso,2013,27,116,BF
Burkina Faso,2014,28.2,109,BF
Burkina Faso,2015,28.7,102,BF
Burkina Faso,2016,21,122,BF
Burkina Faso,2017,21.9,120,BF
Burkina Faso,2018,18.9,124,BF
Burkina Faso,2019,23.3,117,BF
Burkina Faso,2020,20,118,BF
Burkina Faso,2021,20.5,115,BF
Burkina Faso,2022,15.3,120,BF
Burundi,2011,0,0,BI
Burundi,2012,20.5,137,BI
Burundi,2013,0,0,BI
Burundi,2014,22.4,138,BI
Burundi,2015,21,136,BI
Burundi,2016,20.9,123,BI
Burundi,2017,21.3,122,BI
Burundi,2018,0,0,BI
Burundi,2019,17.6,128,BI
Burundi,2020,0,0,BI
Burundi,2021,0,0,BI
Burundi,2022,12.3,130,BI
Camboya,2011,25.46,111,KH
Camboya,2012,23.4,129,KH
Camboya,2013,28.1,110,KH
Camboya,2014,28.7,106,KH
Camboya,2015,30.4,91,KH
Camboya,2016,27.9,95,KH
Camboya,2017,27,101,KH
Camboya,2018,26.7,98,KH
Camboya,2019,26.6,98,KH
Camboya,2020,21.5,110,KH
Camboya,2021,22.8,109,KH
Camboya,2022,20.5,97,KH
Camerún,2011,26.95,103,CM
Camerún,2012,25,121,CM
Camerún,2013,25.7,125,CM
Camerún,2014,27.5,114,CM
Camerún,2015,27.8,110,CM
Camerún,2016,22.8,118,CM
Camerún,2017,22.6,117,CM
Camerún,2018,23.8,111,CM
Camerún,2019,23.9,115,CM
Camerún,2020,20,119,CM
Camerún,2021,19.7,123,CM
Camerún,2022,15.1,121,CM
Canadá,2011,56.33,8,CA
Canadá,2012,56.9,12,CA
Canadá,2013,57.6,11,CA
Canadá,2014,56.1,12,CA
Canadá,2015,55.7,16,CA
Canadá,2016,54.7,15,CA
Canadá,2017,53.7,18,CA
Canadá,2018,53,18,CA
Canadá,2019,53.9,17,CA
Canadá,2020,52.3,17,CA
Canadá,2021,53.1,16,CA
Canadá,2022,50.8,15,CA
Cabo Verde,2011,0,0,CV
Cabo Verde,2012,0,0,CV
Cabo Verde,2013,29.7,103,CV
Cabo Verde,2014,30.1,97,CV
Cabo Verde,2015,28.6,103,CV
Cabo Verde,2016,0,0,CV
Cabo Verde,2017,0,0,CV
Cabo Verde,2018,0,0,CV
Cabo Verde,2019,0,0,CV
Cabo Verde,2020,23.9,100,CV
Cabo Verde,2021,25.7,89,CV
Cabo Verde,2022,0,0,CV
Chile,2011,38.84,38,CL
Chile,2012,42.7,39,CL
Chile,2013,40.6,46,CL
Chile,2014,40.6,46,CL
Chile,2015,41.2,42,CL
Chile,2016,38.4,44,CL
Chile,2017,38.7,46,CL
Chile,2018,37.8,47,CL
Chile,2019,36.6,51,CL
Chile,2020,33.9,54,CL
Chile,2021,35.1,53,CL
Chile,2022,34,50,CL
República Popular China,2011,46.43,29,CN
República Popular China,2012,45.4,34,CN
República Popular China,2013,44.7,35,CN
República Popular China,2014,46.6,29,CN
República Popular China,2015,47.5,29,CN
República Popular China,2016,50.6,25,CN
República Popular China,2017,52.5,22,CN
República Popular China,2018,53.1,17,CN
República Popular China,2019,54.8,14,CN
República Popular China,2020,53.3,14,CN
República Popular China,2021,54.8,12,CN
República Popular China,2022,55.3,11,CN
Colombia,2011,32.32,71,CO
Colombia,2012,35.5,65,CO
Colombia,2013,37.4,60,CO
Colombia,2014,35.5,68,CO
Colombia,2015,36.4,67,CO
Colombia,2016,34.2,63,CO
Colombia,2017,34.8,65,CO
Colombia,2018,33.8,63,CO
Colombia,2019,33,67,CO
Colombia,2020,30.8,68,CO
Colombia,2021,31.7,67,CO
Colombia,2022,29.2,63,CO
Costa Rica,2011,37.91,45,CR
Costa Rica,2012,36.3,60,CR
Costa Rica,2013,41.5,39,CR
Costa Rica,2014,37.3,57,CR
Costa Rica,2015,38.6,51,CR
Costa Rica,2016,38.4,45,CR
Costa Rica,2017,37.1,53,CR
Costa Rica,2018,35.7,54,CR
Costa Rica,2019,36.1,55,CR
Costa Rica,2020,33.5,56,CR
Costa Rica,2021,34.5,56,CR
Costa Rica,2022,28.7,68,CR
Costa de Marfil,2011,24.08,117,CI
Costa de Marfil,2012,22.6,134,CI
Costa de Marfil,2013,23.4,136,CI
Costa de Marfil,2014,27,116,CI
Costa de Marfil,2015,27.2,116,CI
Costa de Marfil,2016,25.8,108,CI
Costa de Marfil,2017,24,112,CI
Costa de Marfil,2018,20,123,CI
Costa de Marfil,2019,25.6,103,CI
Costa de Marfil,2020,21.2,112,CI
Costa de Marfil,2021,21,114,CI
Costa de Marfil,2022,17.8,109,CI
Croacia,2011,37.98,44,HR
Croacia,2012,40.7,42,HR
Croacia,2013,41.9,37,HR
Croacia,2014,40.7,42,HR
Croacia,2015,41.7,40,HR
Croacia,2016,38.3,47,HR
Croacia,2017,39.8,41,HR
Croacia,2018,40.7,41,HR
Croacia,2019,37.8,44,HR
Croacia,2020,37.3,41,HR
Croacia,2021,37.3,42,HR
Croacia,2022,35.6,42,HR
Chipre,2011,46.45,28,CY
Chipre,2012,47.9,28,CY
Chipre,2013,49.3,27,CY
Chipre,2014,45.8,30,CY
Chipre,2015,43.5,34,CY
Chipre,2016,46.3,31,CY
Chipre,2017,46.8,30,CY
Chipre,2018,47.8,29,CY
Chipre,2019,48.3,28,CY
Chipre,2020,45.7,29,CY
Chipre,2021,46.7,28,CY
Chipre,2022,46.2,27,CY
República Checa,2011,47.3,27,CZ
República Checa,2012,49.7,27,CZ
República Checa,2013,48.4,28,CZ
República Checa,2014,50.2,26,CZ
República Checa,2015,51.3,24,CZ
República Checa,2016,49.4,27,CZ
República Checa,2017,51,24,CZ
República Checa,2018,48.7,27,CZ
República Checa,2019,49.4,26,CZ
República Checa,2020,48.3,24,CZ
República Checa,2021,49,24,CZ
República Checa,2022,42.8,30,CZ
Dinamarca,2011,56.96,6,DK
Dinamarca,2012,59.9,7,DK
Dinamarca,2013,58.3,9,DK
Dinamarca,2014,57.5,8,DK
Dinamarca,2015,57.7,10,DK
Dinamarca,2016,58.5,8,DK
Dinamarca,2017,58.7,6,DK
Dinamarca,2018,58.4,8,DK
Dinamarca,2019,58.4,7,DK
Dinamarca,2020,57.5,6,DK
Dinamarca,2021,57.3,9,DK
Dinamarca,2022,55.9,10,DK
República Dominicana,2011,0,0,DO
República Dominicana,2012,30.9,86,DO
República Dominicana,2013,33.3,79,DO
República Dominicana,2014,32.3,83,DO
República Dominicana,2015,30.6,89,DO
República Dominicana,2016,30.6,76,DO
República Dominicana,2017,31.2,79,DO
República Dominicana,2018,29.3,87,DO
República Dominicana,2019,28.6,87,DO
República Dominicana,2020,25.1,90,DO
República Dominicana,2021,25.1,93,DO
República Dominicana,2022,22.7,90,DO
Ecuador,2011,28.75,93,EC
Ecuador,2012,28.5,98,EC
Ecuador,2013,32.8,83,EC
Ecuador,2014,27.5,115,EC
Ecuador,2015,26.9,119,EC
Ecuador,2016,27.1,100,EC
Ecuador,2017,29.1,92,EC
Ecuador,2018,26.8,97,EC
Ecuador,2019,26.6,99,EC
Ecuador,2020,24.1,99,EC
Ecuador,2021,25.4,91,EC
Ecuador,2022,20.3,98,EC
Egipto,2011,29.21,87,EG
Egipto,2012,27.9,103,EG
Egipto,2013,28.5,108,EG
Egipto,2014,30,99,EG
Egipto,2015,28.9,100,EG
Egipto,2016,26,107,EG
Egipto,2017,26,105,EG
Egipto,2018,27.2,95,EG
Egipto,2019,27.5,92,EG
Egipto,2020,24.2,96,EG
Egipto,2021,25.1,94,EG
Egipto,2022,22.7,89,EG
El Salvador,2011,29.14,90,SV
El Salvador,2012,29.5,93,SV
El Salvador,2013,31.3,88,SV
El Salvador,2014,29.1,103,SV
El Salvador,2015,29.3,99,SV
El Salvador,2016,26.6,104,SV
El Salvador,2017,26.7,103,SV
El Salvador,2018,25.1,104,SV
El Salvador,2019,24.9,108,SV
El Salvador,2020,24.8,92,SV
El Salvador,2021,25,96,SV
El Salvador,2022,19.9,100,SV
Estonia,2011,49.18,23,EE
Estonia,2012,55.3,19,EE
Estonia,2013,50.6,25,EE
Estonia,2014,51.5,24,EE
Estonia,2015,52.8,23,EE
Estonia,2016,51.7,24,EE
Estonia,2017,50.9,25,EE
Estonia,2018,50.5,24,EE
Estonia,2019,50,24,EE
Estonia,2020,48.3,25,EE
Estonia,2021,49.9,21,EE
Estonia,2022,50.2,18,EE
Etiopía,2011,22.88,121,ET
Etiopía,2012,23.3,131,ET
Etiopía,2013,24.8,129,ET
Etiopía,2014,25.4,126,ET
Etiopía,2015,24.2,127,ET
Etiopía,2016,24.8,110,ET
Etiopía,2017,24.2,110,ET
Etiopía,2018,0,0,ET
Etiopía,2019,24.2,111,ET
Etiopía,2020,18.1,127,ET
Etiopía,2021,18.6,126,ET
Etiopía,2022,16.3,117,ET
Fiyi,2011,0,0,FJ
Fiyi,2012,27.9,101,FJ
Fiyi,2013,30.5,97,FJ
Fiyi,2014,30.4,95,FJ
Fiyi,2015,27.3,115,FJ
Fiyi,2016,0,0,FJ
Fiyi,2017,0,0,FJ
Fiyi,2018,0,0,FJ
Fiyi,2019,0,0,FJ
Fiyi,2020,0,0,FJ
Fiyi,2021,0,0,FJ
Fiyi,2022,0,0,FJ
Finlandia,2011,57.5,5,FI
Finlandia,2012,61.8,4,FI
Finlandia,2013,59.5,6,FI
Finlandia,2014,60.7,4,FI
Finlandia,2015,60,6,FI
Finlandia,2016,59.9,5,FI
Finlandia,2017,58.5,8,FI
Finlandia,2018,59.6,7,FI
Finlandia,2019,59.8,6,FI
Finlandia,2020,57,7,FI
Finlandia,2021,58.4,7,FI
Finlandia,2022,56.9,9,FI
Francia,2011,49.25,22,FR
Francia,2012,51.8,24,FR
Francia,2013,52.8,20,FR
Francia,2014,52.2,22,FR
Francia,2015,53.6,21,FR
Francia,2016,54,18,FR
Francia,2017,54.2,15,FR
Francia,2018,54.4,16,FR
Francia,2019,54.2,16,FR
Francia,2020,53.7,12,FR
Francia,2021,55,11,FR
Francia,2022,55,12,FR
Gabón,2011,0,0,GA
Gabón,2012,26.5,106,GA
Gabón,2013,28,111,GA
Gabón,2014,0,0,GA
Gabón,2015,0,0,GA
Gabón,2016,0,0,GA
Gabón,2017,0,0,GA
Gabón,2018,0,0,GA
Gabón,2019,0,0,GA
Gabón,2020,0,0,GA
Gabón,2021,0,0,GA
Gabón,2022,0,0,GA
Gambia,2011,0,0,GM
Gambia,2012,23.3,130,GM
Gambia,2013,26.4,122,GM
Gambia,2014,29,104,GM
Gambia,2015,27.5,112,GM
Gambia,2016,0,0,GM
Gambia,2017,0,0,GM
Gambia,2018,0,0,GM
Gambia,2019,0,0,GM
Gambia,2020,0,0,GM
Gambia,2021,0,0,GM
Gambia,2022,0,0,GM
Georgia,2011,31.87,73,GE
Georgia,2012,34.3,71,GE
Georgia,2013,35.6,73,GE
Georgia,2014,34.5,74,GE
Georgia,2015,33.8,73,GE
Georgia,2016,33.9,64,GE
Georgia,2017,34.4,68,GE
Georgia,2018,35,59,GE
Georgia,2019,37,48,GE
Georgia,2020,31.8,63,GE
Georgia,2021,32.4,63,GE
Georgia,2022,27.9,74,GE
Alemania,2011,54.89,12,DE
Alemania,2012,56.2,15,DE
Alemania,2013,55.8,15,DE
Alemania,2014,56,13,DE
Alemania,2015,57.1,12,DE
Alemania,2016,57.9,10,DE
Alemania,2017,58.4,9,DE
Alemania,2018,58,9,DE
Alemania,2019,58.2,9,DE
Alemania,2020,56.5,9,DE
Alemania,2021,57.3,10,DE
Alemania,2022,57.2,8,DE
Ghana,2011,32.48,70,GH
Ghana,2012,29.6,92,GH
Ghana,2013,30.6,94,GH
Ghana,2014,30.3,96,GH
Ghana,2015,28,108,GH
Ghana,2016,26.7,102,GH
Ghana,2017,0,0,GH
Ghana,2018,24.5,107,GH
Ghana,2019,25.3,106,GH
Ghana,2020,22.3,108,GH
Ghana,2021,22.3,112,GH
Ghana,2022,20.8,95,GH
Grecia,2011,34.18,63,GR
Grecia,2012,35.3,66,GR
Grecia,2013,37.7,55,GR
Grecia,2014,38.9,50,GR
Grecia,2015,40.3,45,GR
Grecia,2016,39.8,40,GR
Grecia,2017,38.8,44,GR
Grecia,2018,38.9,42,GR
Grecia,2019,38.9,41,GR
Grecia,2020,36.8,43,GR
Grecia,2021,36.3,47,GR
Grecia,2022,34.5,44,GR
Guatemala,2011,29.33,86,GT
Guatemala,2012,28.4,99,GT
Guatemala,2013,31.5,87,GT
Guatemala,2014,30.8,93,GT
Guatemala,2015,28.8,101,GT
Guatemala,2016,27.3,97,GT
Guatemala,2017,27.9,98,GT
Guatemala,2018,25.5,102,GT
Guatemala,2019,25.1,107,GT
Guatemala,2020,22.4,106,GT
Guatemala,2021,24.1,101,GT
Guatemala,2022,17.8,110,GT
Guinea,2011,0,0,GN
Guinea,2012,0,0,GN
Guinea,2013,25.7,126,GN
Guinea,2014,20.2,139,GN
Guinea,2015,18.5,139,GN
Guinea,2016,17.2,127,GN
Guinea,2017,17.4,126,GN
Guinea,2018,20.7,119,GN
Guinea,2019,19.5,125,GN
Guinea,2020,17.3,130,GN
Guinea,2021,16.7,130,GN
Guinea,2022,11.6,132,GN
Guyana,2011,34.83,61,GY
Guyana,2012,33.7,77,GY
Guyana,2013,34.4,78,GY
Guyana,2014,32.5,80,GY
Guyana,2015,30.7,86,GY
Guyana,2016,0,0,GY
Guyana,2017,0,0,GY
Guyana,2018,0,0,GY
Guyana,2019,0,0,GY
Guyana,2020,0,0,GY
Guyana,2021,0,0,GY
Guyana,2022,0,0,GY
Honduras,2011,27.81,98,HN
Honduras,2012,26.3,111,HN
Honduras,2013,28.8,107,HN
Honduras,2014,26.7,118,HN
Honduras,2015,27.5,113,HN
Honduras,2016,26.9,101,HN
Honduras,2017,26.4,104,HN
Honduras,2018,24.9,105,HN
Honduras,2019,25.5,104,HN
Honduras,2020,23,103,HN
Honduras,2021,22.8,108,HN
Honduras,2022,17.3,113,HN
Hong Kong,2011,58.8,4,HK
Hong Kong,2012,58.7,8,HK
Hong Kong,2013,59.4,7,HK
Hong Kong,2014,56.8,10,HK
Hong Kong,2015,57.2,11,HK
Hong Kong,2016,55.7,14,HK
Hong Kong,2017,53.9,16,HK
Hong Kong,2018,54.6,14,HK
Hong Kong,2019,55.5,13,HK
Hong Kong,2020,54.2,11,HK
Hong Kong,2021,53.7,14,HK
Hong Kong,2022,51.8,14,HK
Hungría,2011,48.12,25,HU
Hungría,2012,46.5,31,HU
Hungría,2013,46.9,31,HU
Hungría,2014,44.6,35,HU
Hungría,2015,43,35,HU
Hungría,2016,44.7,33,HU
Hungría,2017,41.7,39,HU
Hungría,2018,44.9,33,HU
Hungría,2019,44.5,33,HU
Hungría,2020,41.5,35,HU
Hungría,2021,42.7,34,HU
Hungría,2022,39.8,34,HU
Islandia,2011,55.1,11,IS
Islandia,2012,55.7,18,IS
Islandia,2013,56.4,13,IS
Islandia,2014,54.1,19,IS
Islandia,2015,57,13,IS
Islandia,2016,56,13,IS
Islandia,2017,55.8,13,IS
Islandia,2018,51.2,23,IS
Islandia,2019,51.5,20,IS
Islandia,2020,49.2,21,IS
Islandia,2021,51.8,17,IS
Islandia,2022,49.5,20,IS
India,2011,34.52,62,IN
India,2012,35.7,64,IN
India,2013,36.2,66,IN
India,2014,33.7,76,IN
India,2015,31.7,81,IN
India,2016,33.6,66,IN
India,2017,35.5,60,IN
India,2018,35.2,57,IN
India,2019,36.6,52,IN
India,2020,35.6,48,IN
India,2021,36.4,46,IN
India,2022,36.6,40,IN
Indonesia,2011,27.78,99,ID
Indonesia,2012,28.1,100,ID
Indonesia,2013,32,85,ID
Indonesia,2014,31.8,87,ID
Indonesia,2015,29.8,97,ID
Indonesia,2016,29.1,88,ID
Indonesia,2017,30.1,87,ID
Indonesia,2018,29.8,85,ID
Indonesia,2019,29.7,85,ID
Indonesia,2020,26.5,85,ID
Indonesia,2021,27.1,87,ID
Indonesia,2022,27.9,75,ID
Irán,2011,28.41,95,IR
Irán,2012,27.3,104,IR
Irán,2013,27.3,113,IR
Irán,2014,26.1,120,IR
Irán,2015,28.4,106,IR
Irán,2016,30.5,78,IR
Irán,2017,32.1,75,IR
Irán,2018,33.4,65,IR
Irán,2019,34.4,61,IR
Irán,2020,30.9,67,IR
Irán,2021,32.9,60,IR
Irán,2022,32.9,53,IR
Irlanda,2011,54.1,13,IE
Irlanda,2012,58.7,9,IE
Irlanda,2013,57.9,10,IE
Irlanda,2014,56.7,11,IE
Irlanda,2015,59.1,8,IE
Irlanda,2016,59,7,IE
Irlanda,2017,58.1,10,IE
Irlanda,2018,57.2,10,IE
Irlanda,2019,56.1,12,IE
Irlanda,2020,53,15,IE
Irlanda,2021,50.7,19,IE
Irlanda,2022,48.5,23,IE
Irak,2011,0,0,IQ
Irak,2012,0,0,IQ
Irak,2013,0,0,IQ
Irak,2014,0,0,IQ
Irak,2015,0,0,IQ
Irak,2016,0,0,IQ
Irak,2017,0,0,IQ
Irak,2018,0,0,IQ
Irak,2019,0,0,IQ
Irak,2020,0,0,IQ
Irak,2021,0,0,IQ
Irak,2022,11.9,131,IQ
Israel,2011,54.03,14,IL
Israel,2012,56,17,IL
Israel,2013,56,14,IL
Israel,2014,55.5,15,IL
Israel,2015,53.5,22,IL
Israel,2016,52.3,21,IL
Israel,2017,53.9,17,IL
Israel,2018,56.8,11,IL
Israel,2019,57.4,10,IL
Israel,2020,53.5,13,IL
Israel,2021,53.4,15,IL
Israel,2022,50.2,16,IL
Italia,2011,40.69,35,IT
Italia,2012,44.5,36,IT
Italia,2013,47.8,29,IT
Italia,2014,45.7,31,IT
Italia,2015,46.4,31,IT
Italia,2016,47.2,29,IT
Italia,2017,47,29,IT
Italia,2018,46.3,31,IT
Italia,2019,46.3,30,IT
Italia,2020,45.7,28,IT
Italia,2021,45.7,29,IT
Italia,2022,46.1,28,IT
Jamaica,2011,28.88,92,JM
Jamaica,2012,30.2,91,JM
Jamaica,2013,32.9,82,JM
Jamaica,2014,32.4,82,JM
Jamaica,2015,29.9,96,JM
Jamaica,2016,29,89,JM
Jamaica,2017,30.4,84,JM
Jamaica,2018,30.4,81,JM
Jamaica,2019,30.8,81,JM
Jamaica,2020,29.1,72,JM
Jamaica,2021,29.6,74,JM
Jamaica,2022,27.7,76,JM
Japón,2011,50.32,20,JP
Japón,2012,51.7,25,JP
Japón,2013,52.2,22,JP
Japón,2014,52.4,21,JP
Japón,2015,54,19,JP
Japón,2016,54.5,16,JP
Japón,2017,54.7,14,JP
Japón,2018,55,13,JP
Japón,2019,54.7,15,JP
Japón,2020,52.7,16,JP
Japón,2021,54.5,13,JP
Japón,2022,53.6,13,JP
Jordania,2011,38.43,41,JO
Jordania,2012,37.1,56,JO
Jordania,2013,37.3,61,JO
Jordania,2014,36.2,64,JO
Jordania,2015,33.8,75,JO
Jordania,2016,30,82,JO
Jordania,2017,30.5,83,JO
Jordania,2018,30.8,79,JO
Jordania,2019,29.6,86,JO
Jordania,2020,27.8,81,JO
Jordania,2021,28.3,81,JO
Jordania,2022,27.4,78,JO
Kazajistán,2011,30.32,84,KZ
Kazajistán,2012,31.9,83,KZ
Kazajistán,2013,32.7,84,KZ
Kazajistán,2014,32.8,79,KZ
Kazajistán,2015,31.2,82,KZ
Kazajistán,2016,31.5,75,KZ
Kazajistán,2017,31.5,78,KZ
Kazajistán,2018,31.4,74,KZ
Kazajistán,2019,31,79,KZ
Kazajistán,2020,28.6,77,KZ
Kazajistán,2021,28.6,79,KZ
Kazajistán,2022,24.7,83,KZ
Kenia,2011,29.15,89,KE
Kenia,2012,28.9,96,KE
Kenia,2013,30.3,99,KE
Kenia,2014,31.9,85,KE
Kenia,2015,30.2,92,KE
Kenia,2016,30.4,80,KE
Kenia,2017,31,80,KE
Kenia,2018,31.1,78,KE
Kenia,2019,31.1,77,KE
Kenia,2020,26.1,86,KE
Kenia,2021,27.5,85,KE
Kenia,2022,22.8,88,KE
Corea del Sur,2011,53.68,16,KR
Corea del Sur,2012,53.9,21,KR
Corea del Sur,2013,53.3,18,KR
Corea del Sur,2014,55.3,16,KR
Corea del Sur,2015,56.3,14,KR
Corea del Sur,2016,57.1,11,KR
Corea del Sur,2017,57.7,11,KR
Corea del Sur,2018,56.6,12,KR
Corea del Sur,2019,56.6,11,KR
Corea del Sur,2020,56.1,10,KR
Corea del Sur,2021,59.3,5,KR
Corea del Sur,2022,57.8,6,KR
Kuwait,2011,36.64,52,KW
Kuwait,2012,37.2,55,KW
Kuwait,2013,40,50,KW
Kuwait,2014,35.2,69,KW
Kuwait,2015,33.2,77,KW
Kuwait,2016,33.6,67,KW
Kuwait,2017,36.1,56,KW
Kuwait,2018,34.4,60,KW
Kuwait,2019,34.6,60,KW
Kuwait,2020,28.4,78,KW
Kuwait,2021,29.9,72,KW
Kuwait,2022,29.2,62,KW
Kirguistán,2011,29.79,85,KG
Kirguistán,2012,26.4,109,KG
Kirguistán,2013,27,117,KG
Kirguistán,2014,27.8,112,KG
Kirguistán,2015,28,109,KG
Kirguistán,2016,26.6,103,KG
Kirguistán,2017,28,95,KG
Kirguistán,2018,27.6,94,KG
Kirguistán,2019,28.4,90,KG
Kirguistán,2020,24.5,94,KG
Kirguistán,2021,24.5,98,KG
Kirguistán,2022,21.1,94,KG
Laos,2011,0,0,LA
Laos,2012,20.2,138,LA
Laos,2013,0,0,LA
Laos,2014,0,0,LA
Laos,2015,0,0,LA
Laos,2016,0,0,LA
Laos,2017,0,0,LA
Laos,2018,0,0,LA
Laos,2019,0,0,LA
Laos,2020,20.6,113,LA
Laos,2021,20.2,117,LA
Laos,2022,17.4,112,LA
Letonia,2011,39.8,36,LV
Letonia,2012,47,30,LV
Letonia,2013,45.2,33,LV
Letonia,2014,44.8,34,LV
Letonia,2015,45.5,33,LV
Letonia,2016,44.3,34,LV
Letonia,2017,44.6,33,LV
Letonia,2018,43.2,34,LV
Letonia,2019,43.2,34,LV
Letonia,2020,41.1,36,LV
Letonia,2021,40,38,LV
Letonia,2022,36.5,41,LV
Líbano,2011,37.11,49,LB
Líbano,2012,36.2,61,LB
Líbano,2013,35.5,75,LB
Líbano,2014,33.6,77,LB
Líbano,2015,33.8,74,LB
Líbano,2016,32.7,70,LB
Líbano,2017,30.6,81,LB
Líbano,2018,28.2,90,LB
Líbano,2019,28.5,88,LB
Líbano,2020,26,87,LB
Líbano,2021,25.1,92,LB
Líbano,2022,0,0,LB
Lesoto,2011,0,0,LS
Lesoto,2012,25.7,116,LS
Lesoto,2013,26.3,124,LS
Lesoto,2014,27,117,LS
Lesoto,2015,27,118,LS
Lesoto,2016,0,0,LS
Lesoto,2017,0,0,LS
Lesoto,2018,0,0,LS
Lesoto,2019,0,0,LS
Lesoto,2020,0,0,LS
Lesoto,2021,0,0,LS
Lesoto,2022,0,0,LS
Lituania,2011,38.49,40,LT
Lituania,2012,44,38,LT
Lituania,2013,41.4,40,LT
Lituania,2014,41,39,LT
Lituania,2015,42.3,38,LT
Lituania,2016,41.8,36,LT
Lituania,2017,41.2,40,LT
Lituania,2018,41.2,40,LT
Lituania,2019,41.5,38,LT
Lituania,2020,39.2,40,LT
Lituania,2021,39.9,39,LT
Lituania,2022,37.4,39,LT
Luxemburgo,2011,52.65,17,LU
Luxemburgo,2012,57.7,11,LU
Luxemburgo,2013,56.6,12,LU
Luxemburgo,2014,56.9,9,LU
Luxemburgo,2015,59,9,LU
Luxemburgo,2016,57.1,12,LU
Luxemburgo,2017,56.4,12,LU
Luxemburgo,2018,54.5,15,LU
Luxemburgo,2019,53.5,18,LU
Luxemburgo,2020,50.8,18,LU
Luxemburgo,2021,49,23,LU
Luxemburgo,2022,49.8,19,LU
Madagascar,2011,25.41,113,MG
Madagascar,2012,24.2,126,MG
Madagascar,2013,22.9,140,MG
Madagascar,2014,25.5,124,MG
Madagascar,2015,24.4,125,MG
Madagascar,2016,24.8,111,MG
Madagascar,2017,24.2,111,MG
Madagascar,2018,24.8,106,MG
Madagascar,2019,22.4,121,MG
Madagascar,2020,20.4,115,MG
Madagascar,2021,22.5,110,MG
Madagascar,2022,18.6,106,MG
Malaui,2011,25.96,108,MW
Malaui,2012,25.4,120,MW
Malaui,2013,26.7,119,MW
Malaui,2014,27.6,113,MW
Malaui,2015,29.7,98,MW
Malaui,2016,27.3,98,MW
Malaui,2017,23.5,115,MW
Malaui,2018,23.1,114,MW
Malaui,2019,23,118,MW
Malaui,2020,21.4,111,MW
Malaui,2021,22.9,107,MW
Malaui,2022,0,0,MW
Malasia,2011,44.05,31,MY
Malasia,2012,45.9,32,MY
Malasia,2013,46.9,32,MY
Malasia,2014,45.6,33,MY
Malasia,2015,46,32,MY
Malasia,2016,43.4,35,MY
Malasia,2017,42.7,37,MY
Malasia,2018,43,35,MY
Malasia,2019,42.7,35,MY
Malasia,2020,42.4,33,MY
Malasia,2021,41.9,36,MY
Malasia,2022,38.7,36,MY
Mali,2011,26.35,107,ML
Mali,2012,25.4,119,ML
Mali,2013,28.8,106,ML
Mali,2014,26.2,119,ML
Mali,2015,28.4,105,ML
Mali,2016,24.8,112,ML
Mali,2017,22.5,118,ML
Mali,2018,23.3,112,ML
Mali,2019,24,112,ML
Mali,2020,19.2,123,ML
Mali,2021,19.5,124,ML
Mali,2022,14.2,126,ML
Malta,2011,0,0,MT
Malta,2012,56.1,16,MT
Malta,2013,51.8,24,MT
Malta,2014,50.4,25,MT
Malta,2015,50.5,26,MT
Malta,2016,50.4,26,MT
Malta,2017,50.6,26,MT
Malta,2018,50.3,26,MT
Malta,2019,49,27,MT
Malta,2020,46.4,27,MT
Malta,2021,47.1,27,MT
Malta,2022,49.1,21,MT
Mauritania,2011,0,0,MR
Mauritania,2012,0,0,MR
Mauritania,2013,0,0,MR
Mauritania,2014,0,0,MR
Mauritania,2015,0,0,MR
Mauritania,2016,0,0,MR
Mauritania,2017,0,0,MR
Mauritania,2018,0,0,MR
Mauritania,2019,0,0,MR
Mauritania,2020,0,0,MR
Mauritania,2021,0,0,MR
Mauritania,2022,12.4,129,MR
Mauricio,2011,36.47,53,MU
Mauricio,2012,39.2,49,MU
Mauricio,2013,38,53,MU
Mauricio,2014,40.9,40,MU
Mauricio,2015,39.2,49,MU
Mauricio,2016,35.9,53,MU
Mauricio,2017,34.8,64,MU
Mauricio,2018,31.3,75,MU
Mauricio,2019,30.6,82,MU
Mauricio,2020,34.4,52,MU
Mauricio,2021,35.2,52,MU
Mauricio,2022,34.4,45,MU
México,2011,30.45,81,MX
México,2012,32.9,79,MX
México,2013,36.8,63,MX
México,2014,36,66,MX
México,2015,38,57,MX
México,2016,34.6,61,MX
México,2017,35.8,58,MX
México,2018,35.3,56,MX
México,2019,36.1,56,MX
México,2020,33.6,55,MX
México,2021,34.5,55,MX
México,2022,31,58,MX
Moldavia,2011,38.66,39,MD
Moldavia,2012,39.2,50,MD
Moldavia,2013,40.9,45,MD
Moldavia,2014,40.7,43,MD
Moldavia,2015,40.5,44,MD
Moldavia,2016,38.4,46,MD
Moldavia,2017,36.8,54,MD
Moldavia,2018,37.6,48,MD
Moldavia,2019,35.5,58,MD
Moldavia,2020,33,59,MD
Moldavia,2021,32.3,64,MD
Moldavia,2022,31.1,56,MD
Mongolia,2011,33.4,68,MN
Mongolia,2012,35,68,MN
Mongolia,2013,35.8,72,MN
Mongolia,2014,37.5,56,MN
Mongolia,2015,36.4,66,MN
Mongolia,2016,35.7,55,MN
Mongolia,2017,37.1,52,MN
Mongolia,2018,35.9,53,MN
Mongolia,2019,36.3,53,MN
Mongolia,2020,33.4,58,MN
Mongolia,2021,34.2,58,MN
Mongolia,2022,28,71,MN
Montenegro,2011,0,0,ME
Montenegro,2012,40.1,45,ME
Montenegro,2013,41,44,ME
Montenegro,2014,37,59,ME
Montenegro,2015,41.2,41,ME
Montenegro,2016,37.4,51,ME
Montenegro,2017,38.1,48,ME
Montenegro,2018,36.5,52,ME
Montenegro,2019,37.7,45,ME
Montenegro,2020,35.4,49,ME
Montenegro,2021,35.4,50,ME
Montenegro,2022,30.3,60,ME
Marruecos,2011,28.73,94,MA
Marruecos,2012,30.7,88,MA
Marruecos,2013,30.9,92,MA
Marruecos,2014,32.2,84,MA
Marruecos,2015,33.2,78,MA
Marruecos,2016,32.3,72,MA
Marruecos,2017,32.7,72,MA
Marruecos,2018,31.1,76,MA
Marruecos,2019,31.6,74,MA
Marruecos,2020,29,75,MA
Marruecos,2021,29.3,77,MA
Marruecos,2022,28.8,67,MA
Mozambique,2011,0,0,MZ
Mozambique,2012,26.3,110,MZ
Mozambique,2013,26.5,121,MZ
Mozambique,2014,28.5,107,MZ
Mozambique,2015,30.1,95,MZ
Mozambique,2016,29.8,84,MZ
Mozambique,2017,24.5,107,MZ
Mozambique,2018,23.1,115,MZ
Mozambique,2019,22.9,119,MZ
Mozambique,2020,18.7,124,MZ
Mozambique,2021,19.7,122,MZ
Mozambique,2022,15,123,MZ
Birmania,2011,0,0,MM
Birmania,2012,0,0,MM
Birmania,2013,0,0,MM
Birmania,2014,19.6,140,MM
Birmania,2015,20.3,138,MM
Birmania,2016,0,0,MM
Birmania,2017,0,0,MM
Birmania,2018,0,0,MM
Birmania,2019,0,0,MM
Birmania,2020,17.7,129,MM
Birmania,2021,18.4,127,MM
Birmania,2022,16.4,116,MM
Namibia,2011,30.74,78,NA
Namibia,2012,34.1,73,NA
Namibia,2013,28.4,109,NA
Namibia,2014,28.5,108,NA
Namibia,2015,28.1,107,NA
Namibia,2016,28.2,93,NA
Namibia,2017,27.9,97,NA
Namibia,2018,28,93,NA
Namibia,2019,25.9,101,NA
Namibia,2020,22.5,104,NA
Namibia,2021,24.3,100,NA
Namibia,2022,20.6,96,NA
Nepal,2011,0,0,NP
Nepal,2012,26,113,NP
Nepal,2013,25,128,NP
Nepal,2014,23.8,136,NP
Nepal,2015,21.1,135,NP
Nepal,2016,23.1,115,NP
Nepal,2017,24.2,109,NP
Nepal,2018,24.2,108,NP
Nepal,2019,24.9,109,NP
Nepal,2020,24.4,95,NP
Nepal,2021,22.5,111,NP
Nepal,2022,17.6,111,NP
Países Bajos,2011,56.31,9,NL
Países Bajos,2012,60.5,6,NL
Países Bajos,2013,61.1,4,NL
Países Bajos,2014,60.6,5,NL
Países Bajos,2015,61.6,4,NL
Países Bajos,2016,58.3,9,NL
Países Bajos,2017,63.4,3,NL
Países Bajos,2018,63.3,2,NL
Países Bajos,2019,61.4,4,NL
Países Bajos,2020,58.8,5,NL
Países Bajos,2021,58.6,6,NL
Países Bajos,2022,58,5,NL
Nueva Zelanda,2011,53.79,15,NZ
Nueva Zelanda,2012,56.6,13,NZ
Nueva Zelanda,2013,54.5,17,NZ
Nueva Zelanda,2014,54.5,18,NZ
Nueva Zelanda,2015,55.9,15,NZ
Nueva Zelanda,2016,54.2,17,NZ
Nueva Zelanda,2017,52.9,21,NZ
Nueva Zelanda,2018,51.3,22,NZ
Nueva Zelanda,2019,49.6,25,NZ
Nueva Zelanda,2020,47,26,NZ
Nueva Zelanda,2021,47.5,26,NZ
Nueva Zelanda,2022,47.2,24,NZ
Nicaragua,2011,25.78,110,NI
Nicaragua,2012,26.7,105,NI
Nicaragua,2013,27.1,115,NI
Nicaragua,2014,25.5,125,NI
Nicaragua,2015,23.5,130,NI
Nicaragua,2016,23.1,116,NI
Nicaragua,2017,0,0,NI
Nicaragua,2018,0,0,NI
Nicaragua,2019,22.5,120,NI
Nicaragua,2020,0,0,NI
Nicaragua,2021,0,0,NI
Nicaragua,2022,18.1,108,NI
Níger,2011,21.41,122,NE
Níger,2012,18.6,140,NE
Níger,2013,24,131,NE
Níger,2014,24.3,131,NE
Níger,2015,21.2,134,NE
Níger,2016,20.4,124,NE
Níger,2017,21.2,123,NE
Níger,2018,20.6,122,NE
Níger,2019,18.1,127,NE
Níger,2020,17.8,128,NE
Níger,2021,17.8,129,NE
Níger,2022,14.6,125,NE
Nigeria,2011,28.15,96,NG
Nigeria,2012,24.6,123,NG
Nigeria,2013,26.6,120,NG
Nigeria,2014,27.8,110,NG
Nigeria,2015,23.7,128,NG
Nigeria,2016,23.1,114,NG
Nigeria,2017,21.9,119,NG
Nigeria,2018,22.4,118,NG
Nigeria,2019,23.9,114,NG
Nigeria,2020,20.1,117,NG
Nigeria,2021,20.1,118,NG
Nigeria,2022,16.9,114,NG
Noruega,2011,52.6,18,NO
Noruega,2012,56.4,14,NO
Noruega,2013,55.6,16,NO
Noruega,2014,55.6,14,NO
Noruega,2015,53.8,20,NO
Noruega,2016,52,22,NO
Noruega,2017,53.1,19,NO
Noruega,2018,52.6,19,NO
Noruega,2019,51.9,19,NO
Noruega,2020,49.3,20,NO
Noruega,2021,50.4,20,NO
Noruega,2022,48.8,22,NO
Omán,2011,35.51,57,OM
Omán,2012,39.5,47,OM
Omán,2013,33.3,80,OM
Omán,2014,33.9,75,OM
Omán,2015,35,69,OM
Omán,2016,32.2,73,OM
Omán,2017,31.8,77,OM
Omán,2018,32.8,69,OM
Omán,2019,31,80,OM
Omán,2020,26.5,84,OM
Omán,2021,29.4,76,OM
Omán,2022,26.8,79,OM
Pakistán,2011,26.75,105,PK
Pakistán,2012,23.1,133,PK
Pakistán,2013,23.3,137,PK
Pakistán,2014,24,134,PK
Pakistán,2015,23.1,131,PK
Pakistán,2016,22.6,119,PK
Pakistán,2017,23.8,113,PK
Pakistán,2018,24.1,109,PK
Pakistán,2019,25.4,105,PK
Pakistán,2020,22.3,107,PK
Pakistán,2021,24.4,99,PK
Pakistán,2022,23,87,PK
Panamá,2011,30.77,77,PA
Panamá,2012,30.9,87,PA
Panamá,2013,31.8,86,PA
Panamá,2014,38.3,52,PA
Panamá,2015,36.8,62,PA
Panamá,2016,33.5,68,PA
Panamá,2017,35,63,PA
Panamá,2018,32.4,70,PA
Panamá,2019,31.5,75,PA
Panamá,2020,29,73,PA
Panamá,2021,28,83,PA
Panamá,2022,25.7,81,PA
Paraguay,2011,31.17,74,PY
Paraguay,2012,31.6,84,PY
Paraguay,2013,30.3,100,PY
Paraguay,2014,31.6,89,PY
Paraguay,2015,30.7,88,PY
Paraguay,2016,28.2,94,PY
Paraguay,2017,30.3,85,PY
Paraguay,2018,28.7,89,PY
Paraguay,2019,27.1,95,PY
Paraguay,2020,24.1,97,PY
Paraguay,2021,26.4,88,PY
Paraguay,2022,22.6,91,PY
Perú,2011,30.34,83,PE
Perú,2012,34.1,75,PE
Perú,2013,36,69,PE
Perú,2014,34.7,73,PE
Perú,2015,34.9,71,PE
Perú,2016,32.5,71,PE
Perú,2017,32.9,70,PE
Perú,2018,31.8,71,PE
Perú,2019,32.9,69,PE
Perú,2020,28.8,76,PE
Perú,2021,31.2,70,PE
Perú,2022,29.1,65,PE
Filipinas,2011,28.98,91,PH
Filipinas,2012,29,95,PH
Filipinas,2013,31.2,90,PH
Filipinas,2014,29.9,100,PH
Filipinas,2015,31.1,83,PH
Filipinas,2016,31.8,74,PH
Filipinas,2017,32.5,73,PH
Filipinas,2018,31.6,73,PH
Filipinas,2019,36.2,54,PH
Filipinas,2020,35.2,50,PH
Filipinas,2021,35.3,51,PH
Filipinas,2022,30.7,59,PH
Polonia,2011,38.02,43,PL
Polonia,2012,40.4,44,PL
Polonia,2013,40.1,49,PL
Polonia,2014,40.6,45,PL
Polonia,2015,40.2,46,PL
Polonia,2016,40.2,39,PL
Polonia,2017,42,38,PL
Polonia,2018,41.7,39,PL
Polonia,2019,41.3,39,PL
Polonia,2020,40,38,PL
Polonia,2021,39.9,40,PL
Polonia,2022,37.5,38,PL
Portugal,2011,42.4,33,PT
Portugal,2012,45.3,35,PT
Portugal,2013,45.1,34,PT
Portugal,2014,45.6,32,PT
Portugal,2015,46.6,30,PT
Portugal,2016,46.4,30,PT
Portugal,2017,46.1,31,PT
Portugal,2018,45.7,32,PT
Portugal,2019,44.6,32,PT
Portugal,2020,43.5,31,PT
Portugal,2021,44.2,31,PT
Portugal,2022,42.1,32,PT
Catar,2011,47.74,26,QA
Catar,2012,45.5,33,QA
Catar,2013,41,43,QA
Catar,2014,40.3,47,QA
Catar,2015,39,50,QA
Catar,2016,37.5,50,QA
Catar,2017,37.9,49,QA
Catar,2018,36.6,51,QA
Catar,2019,33.9,65,QA
Catar,2020,30.8,70,QA
Catar,2021,31.5,68,QA
Catar,2022,32.9,52,QA
Rumania,2011,36.83,50,RO
Rumania,2012,37.8,52,RO
Rumania,2013,40.3,48,RO
Rumania,2014,38.1,55,RO
Rumania,2015,38.2,54,RO
Rumania,2016,37.9,48,RO
Rumania,2017,39.2,42,RO
Rumania,2018,37.6,49,RO
Rumania,2019,36.8,50,RO
Rumania,2020,36,46,RO
Rumania,2021,35.6,48,RO
Rumania,2022,34.1,49,RO
Rusia,2011,35.85,56,RU
Rusia,2012,37.9,51,RU
Rusia,2013,37.2,62,RU
Rusia,2014,39.1,49,RU
Rusia,2015,39.3,48,RU
Rusia,2016,38.5,43,RU
Rusia,2017,38.8,45,RU
Rusia,2018,37.9,46,RU
Rusia,2019,37.6,46,RU
Rusia,2020,35.6,47,RU
Rusia,2021,36.6,45,RU
Rusia,2022,34.3,47,RU
Ruanda,2011,25.86,109,RW
Ruanda,2012,27.9,102,RW
Ruanda,2013,27.6,112,RW
Ruanda,2014,29.3,102,RW
Ruanda,2015,30.1,94,RW
Ruanda,2016,30,83,RW
Ruanda,2017,27.4,99,RW
Ruanda,2018,26.5,99,RW
Ruanda,2019,27.4,94,RW
Ruanda,2020,25.1,91,RW
Ruanda,2021,23.9,102,RW
Ruanda,2022,18.7,105,RW
Arabia Saudita,2011,36.44,54,SA
Arabia Saudita,2012,39.3,48,SA
Arabia Saudita,2013,41.2,42,SA
Arabia Saudita,2014,41.6,38,SA
Arabia Saudita,2015,40.7,43,SA
Arabia Saudita,2016,37.8,49,SA
Arabia Saudita,2017,36.2,55,SA
Arabia Saudita,2018,34.3,61,SA
Arabia Saudita,2019,32.9,68,SA
Arabia Saudita,2020,30.9,66,SA
Arabia Saudita,2021,31.8,66,SA
Arabia Saudita,2022,33.4,51,SA
Senegal,2011,27.56,100,SN
Senegal,2012,28.8,97,SN
Senegal,2013,30.5,96,SN
Senegal,2014,30.1,98,SN
Senegal,2015,31,84,SN
Senegal,2016,26.1,106,SN
Senegal,2017,27.1,100,SN
Senegal,2018,26.5,100,SN
Senegal,2019,26.8,96,SN
Senegal,2020,23.7,102,SN
Senegal,2021,23.3,105,SN
Senegal,2022,19.9,99,SN
Serbia,2011,36.31,55,RS
Serbia,2012,40,46,RS
Serbia,2013,37.9,54,RS
Serbia,2014,35.9,67,RS
Serbia,2015,36.5,63,RS
Serbia,2016,33.8,65,RS
Serbia,2017,35.3,62,RS
Serbia,2018,35.5,55,RS
Serbia,2019,35.7,57,RS
Serbia,2020,34.3,53,RS
Serbia,2021,35,54,RS
Serbia,2022,32.3,55,RS
Seychelles,2011,0,0,SC
Seychelles,2012,0,0,SC
Seychelles,2013,0,0,SC
Seychelles,2014,38.6,51,SC
Seychelles,2015,36.4,65,SC
Seychelles,2016,0,0,SC
Seychelles,2017,0,0,SC
Seychelles,2018,0,0,SC
Seychelles,2019,0,0,SC
Seychelles,2020,0,0,SC
Seychelles,2021,0,0,SC
Seychelles,2022,0,0,SC
Singapur,2011,59.64,3,SG
Singapur,2012,63.5,3,SG
Singapur,2013,59.4,8,SG
Singapur,2014,59.2,7,SG
Singapur,2015,59.4,7,SG
Singapur,2016,59.2,6,SG
Singapur,2017,58.7,7,SG
Singapur,2018,59.8,5,SG
Singapur,2019,58.4,8,SG
Singapur,2020,56.6,8,SG
Singapur,2021,57.8,8,SG
Singapur,2022,57.3,7,SG
Eslovaquia,2011,39.05,37,SK
Eslovaquia,2012,41.4,40,SK
Eslovaquia,2013,42.2,36,SK
Eslovaquia,2014,41.9,37,SK
Eslovaquia,2015,43,36,SK
Eslovaquia,2016,41.7,37,SK
Eslovaquia,2017,43.4,34,SK
Eslovaquia,2018,42.9,36,SK
Eslovaquia,2019,42,37,SK
Eslovaquia,2020,39.7,39,SK
Eslovaquia,2021,40.2,37,SK
Eslovaquia,2022,34.3,46,SK
Eslovenia,2011,45.07,30,SI
Eslovenia,2012,49.9,26,SI
Eslovenia,2013,47.3,30,SI
Eslovenia,2014,47.2,28,SI
Eslovenia,2015,48.5,28,SI
Eslovenia,2016,46,32,SI
Eslovenia,2017,45.8,32,SI
Eslovenia,2018,46.9,30,SI
Eslovenia,2019,45.3,31,SI
Eslovenia,2020,42.9,32,SI
Eslovenia,2021,44.1,32,SI
Eslovenia,2022,40.6,33,SI
Sudáfrica,2011,35.22,59,ZA
Sudáfrica,2012,37.4,54,ZA
Sudáfrica,2013,37.6,58,ZA
Sudáfrica,2014,38.2,53,ZA
Sudáfrica,2015,37.4,60,ZA
Sudáfrica,2016,35.8,54,ZA
Sudáfrica,2017,35.8,57,ZA
Sudáfrica,2018,35.1,58,ZA
Sudáfrica,2019,34,63,ZA
Sudáfrica,2020,32.7,60,ZA
Sudáfrica,2021,32.7,61,ZA
Sudáfrica,2022,29.8,61,ZA
España,2011,43.81,32,ES
España,2012,47.2,29,ES
España,2013,49.4,26,ES
España,2014,49.3,27,ES
España,2015,49.1,27,ES
España,2016,49.2,28,ES
España,2017,48.8,28,ES
España,2018,48.7,28,ES
España,2019,47.9,29,ES
España,2020,45.6,30,ES
España,2021,45.4,30,ES
España,2022,44.6,29,ES
Sri Lanka,2011,30.36,82,LK
Sri Lanka,2012,29.1,94,LK
Sri Lanka,2013,30.4,98,LK
Sri Lanka,2014,29,105,LK
Sri Lanka,2015,30.8,85,LK
Sri Lanka,2016,28.9,91,LK
Sri Lanka,2017,29.9,90,LK
Sri Lanka,2018,28.7,88,LK
Sri Lanka,2019,28.5,89,LK
Sri Lanka,2020,23.8,101,LK
Sri Lanka,2021,25.1,95,LK
Sri Lanka,2022,24.2,85,LK
Sudán,2011,20.36,124,SD
Sudán,2012,16.8,141,SD
Sudán,2013,19.8,141,SD
Sudán,2014,12.7,143,SD
Sudán,2015,15,141,SD
Sudán,2016,0,0,SD
Sudán,2017,0,0,SD
Sudán,2018,0,0,SD
Sudán,2019,0,0,SD
Sudán,2020,0,0,SD
Sudán,2021,0,0,SD
Sudán,2022,0,0,SD
Suazilandia,2011,27.52,101,SZ
Suazilandia,2012,32,82,SZ
Suazilandia,2013,29.6,104,SZ
Suazilandia,2014,25.3,127,SZ
Suazilandia,2015,25.4,123,SZ
Suazilandia,2016,0,0,SZ
Suazilandia,2017,0,0,SZ
Suazilandia,2018,0,0,SZ
Suazilandia,2019,0,0,SZ
Suazilandia,2020,0,0,SZ
Suazilandia,2021,0,0,SZ
Suazilandia,2022,0,0,SZ
Suecia,2011,62.12,2,SE
Suecia,2012,64.8,2,SE
Suecia,2013,61.4,2,SE
Suecia,2014,62.3,3,SE
Suecia,2015,62.4,3,SE
Suecia,2016,63.6,2,SE
Suecia,2017,63.8,2,SE
Suecia,2018,63.1,3,SE
Suecia,2019,63.7,2,SE
Suecia,2020,62.5,2,SE
Suecia,2021,63.1,2,SE
Suecia,2022,61.6,3,SE
Suiza,2011,63.82,1,CH
Suiza,2012,68.2,1,CH
Suiza,2013,66.6,1,CH
Suiza,2014,64.8,1,CH
Suiza,2015,68.3,1,CH
Suiza,2016,66.3,1,CH
Suiza,2017,67.7,1,CH
Suiza,2018,68.4,1,CH
Suiza,2019,67.2,1,CH
Suiza,2020,66.1,1,CH
Suiza,2021,65.5,1,CH
Suiza,2022,64.6,1,CH
Siria,2011,24.82,115,SY
Siria,2012,23.1,132,SY
Siria,2013,23.7,134,SY
Siria,2014,0,0,SY
Siria,2015,0,0,SY
Siria,2016,0,0,SY
Siria,2017,0,0,SY
Siria,2018,0,0,SY
Siria,2019,0,0,SY
Siria,2020,0,0,SY
Siria,2021,0,0,SY
Siria,2022,0,0,SY
Tayikistán,2011,24.5,116,TJ
Tayikistán,2012,26.4,108,TJ
Tayikistán,2013,30,101,TJ
Tayikistán,2014,23.7,137,TJ
Tayikistán,2015,27.5,114,TJ
Tayikistán,2016,29.6,86,TJ
Tayikistán,2017,28.2,94,TJ
Tayikistán,2018,26.5,101,TJ
Tayikistán,2019,26.4,100,TJ
Tayikistán,2020,22.2,109,TJ
Tayikistán,2021,23.9,103,TJ
Tayikistán,2022,18.8,104,TJ
Tanzania,2011,26.88,104,TZ
Tanzania,2012,23.9,128,TZ
Tanzania,2013,26.4,123,TZ
Tanzania,2014,25.6,123,TZ
Tanzania,2015,27,117,TZ
Tanzania,2016,26.4,105,TZ
Tanzania,2017,28,96,TZ
Tanzania,2018,28.1,92,TZ
Tanzania,2019,26.6,97,TZ
Tanzania,2020,25.6,88,TZ
Tanzania,2021,25.6,90,TZ
Tanzania,2022,19.4,103,TZ
Tailandia,2011,37.63,48,TH
Tailandia,2012,36.9,57,TH
Tailandia,2013,37.6,57,TH
Tailandia,2014,39.3,48,TH
Tailandia,2015,38.1,55,TH
Tailandia,2016,36.5,52,TH
Tailandia,2017,37.6,51,TH
Tailandia,2018,38,44,TH
Tailandia,2019,38.6,43,TH
Tailandia,2020,36.7,44,TH
Tailandia,2021,37.2,43,TH
Tailandia,2022,34.9,43,TH
Macedonia del Norte,2011,33.47,67,MK
Macedonia del Norte,2012,36.2,62,MK
Macedonia del Norte,2013,38.2,51,MK
Macedonia del Norte,2014,36.9,60,MK
Macedonia del Norte,2015,38,56,MK
Macedonia del Norte,2016,35.4,58,MK
Macedonia del Norte,2017,35.4,61,MK
Macedonia del Norte,2018,29.9,84,MK
Macedonia del Norte,2019,35.3,59,MK
Macedonia del Norte,2020,33.4,57,MK
Macedonia del Norte,2021,34.1,59,MK
Macedonia del Norte,2022,28.8,66,MK
Togo,2011,0,0,TG
Togo,2012,20.5,136,TG
Togo,2013,23,139,TG
Togo,2014,17.6,142,TG
Togo,2015,18.4,140,TG
Togo,2016,18.4,126,TG
Togo,2017,18.4,125,TG
Togo,2018,18.9,125,TG
Togo,2019,18.5,126,TG
Togo,2020,18.5,125,TG
Togo,2021,19.3,125,TG
Togo,2022,15.1,122,TG
Trinidad y Tobago,2011,32.17,72,TT
Trinidad y Tobago,2012,32.5,81,TT
Trinidad y Tobago,2013,33.2,81,TT
Trinidad y Tobago,2014,31.6,90,TT
Trinidad y Tobago,2015,32.2,80,TT
Trinidad y Tobago,2016,0,0,TT
Trinidad y Tobago,2017,29.7,91,TT
Trinidad y Tobago,2018,27,96,TT
Trinidad y Tobago,2019,28.1,91,TT
Trinidad y Tobago,2020,24.1,98,TT
Trinidad y Tobago,2021,24.8,97,TT
Trinidad y Tobago,2022,19.8,101,TT
Túnez,2011,33.89,66,TN
Túnez,2012,36.5,59,TN
Túnez,2013,35.8,70,TN
Túnez,2014,32.9,78,TN
Túnez,2015,33.5,76,TN
Túnez,2016,30.6,77,TN
Túnez,2017,32.3,74,TN
Túnez,2018,32.9,66,TN
Túnez,2019,32.8,70,TN
Túnez,2020,31.2,65,TN
Túnez,2021,30.7,71,TN
Túnez,2022,27.9,73,TN
Turquía,2011,34.11,65,TR
Turquía,2012,34.1,74,TR
Turquía,2013,36,68,TR
Turquía,2014,38.2,54,TR
Turquía,2015,37.8,58,TR
Turquía,2016,39,42,TR
Turquía,2017,38.9,43,TR
Turquía,2018,37.4,50,TR
Turquía,2019,36.9,49,TR
Turquía,2020,34.9,51,TR
Turquía,2021,38.3,41,TR
Turquía,2022,38.1,37,TR
Uganda,2011,26.37,106,UG
Uganda,2012,25.6,117,UG
Uganda,2013,31.2,89,UG
Uganda,2014,31.1,91,UG
Uganda,2015,27.6,111,UG
Uganda,2016,27.1,99,UG
Uganda,2017,27,102,UG
Uganda,2018,25.3,103,UG
Uganda,2019,25.6,102,UG
Uganda,2020,20.5,114,UG
Uganda,2021,20,119,UG
Uganda,2022,15.7,119,UG
Ucrania,2011,35.01,60,UA
Ucrania,2012,36.1,63,UA
Ucrania,2013,35.8,71,UA
Ucrania,2014,36.3,63,UA
Ucrania,2015,36.5,64,UA
Ucrania,2016,35.7,56,UA
Ucrania,2017,37.6,50,UA
Ucrania,2018,38.5,43,UA
Ucrania,2019,37.4,47,UA
Ucrania,2020,36.3,45,UA
Ucrania,2021,35.6,49,UA
Ucrania,2022,31,57,UA
Emiratos Árabes Unidos,2011,41.99,34,AE
Emiratos Árabes Unidos,2012,44.4,37,AE
Emiratos Árabes Unidos,2013,41.9,38,AE
Emiratos Árabes Unidos,2014,43.2,36,AE
Emiratos Árabes Unidos,2015,40.1,47,AE
Emiratos Árabes Unidos,2016,39.4,41,AE
Emiratos Árabes Unidos,2017,43.2,35,AE
Emiratos Árabes Unidos,2018,42.6,38,AE
Emiratos Árabes Unidos,2019,42.2,36,AE
Emiratos Árabes Unidos,2020,41.8,34,AE
Emiratos Árabes Unidos,2021,43,33,AE
Emiratos Árabes Unidos,2022,42.1,31,AE
Reino Unido,2011,55.96,10,GB
Reino Unido,2012,61.2,5,GB
Reino Unido,2013,61.2,3,GB
Reino Unido,2014,62.4,2,GB
Reino Unido,2015,62.4,2,GB
Reino Unido,2016,61.9,3,GB
Reino Unido,2017,60.9,5,GB
Reino Unido,2018,60.1,4,GB
Reino Unido,2019,61.3,5,GB
Reino Unido,2020,59.8,4,GB
Reino Unido,2021,59.8,4,GB
Reino Unido,2022,59.7,4,GB
Estados Unidos,2011,56.57,7,US
Estados Unidos,2012,57.7,10,US
Estados Unidos,2013,60.3,5,US
Estados Unidos,2014,60.1,6,US
Estados Unidos,2015,60.1,5,US
Estados Unidos,2016,61.4,4,US
Estados Unidos,2017,61.4,4,US
Estados Unidos,2018,59.8,6,US
Estados Unidos,2019,61.7,3,US
Estados Unidos,2020,60.6,3,US
Estados Unidos,2021,61.3,3,US
Estados Unidos,2022,61.8,2,US
Uruguay,2011,34.18,64,UY
Uruguay,2012,35.1,67,UY
Uruguay,2013,38.1,52,UY
Uruguay,2014,34.8,72,UY
Uruguay,2015,35.8,68,UY
Uruguay,2016,34.3,62,UY
Uruguay,2017,34.5,67,UY
Uruguay,2018,34.2,62,UY
Uruguay,2019,34.3,62,UY
Uruguay,2020,30.8,69,UY
Uruguay,2021,32.2,65,UY
Uruguay,2022,29.2,64,UY
Uzbekistán,2011,0,0,UZ
Uzbekistán,2012,23.9,127,UZ
Uzbekistán,2013,23.9,133,UZ
Uzbekistán,2014,25.2,128,UZ
Uzbekistán,2015,25.9,122,UZ
Uzbekistán,2016,0,0,UZ
Uzbekistán,2017,0,0,UZ
Uzbekistán,2018,0,0,UZ
Uzbekistán,2019,0,0,UZ
Uzbekistán,2020,24.5,93,UZ
Uzbekistán,2021,27.4,86,UZ
Uzbekistán,2022,25.3,82,UZ
Venezuela,2011,27.41,102,VE
Venezuela,2012,25.4,118,VE
Venezuela,2013,27.3,114,VE
Venezuela,2014,25.7,122,VE
Venezuela,2015,22.8,132,VE
Venezuela,2016,22.3,120,VE
Venezuela,2017,0,0,VE
Venezuela,2018,0,0,VE
Venezuela,2019,0,0,VE
Venezuela,2020,0,0,VE
Venezuela,2021,0,0,VE
Venezuela,2022,0,0,VE
Vietnam,2011,36.71,51,VN
Vietnam,2012,33.9,76,VN
Vietnam,2013,34.8,76,VN
Vietnam,2014,34.9,71,VN
Vietnam,2015,38.3,52,VN
Vietnam,2016,35.4,59,VN
Vietnam,2017,38.3,47,VN
Vietnam,2018,37.9,45,VN
Vietnam,2019,38.8,42,VN
Vietnam,2020,37.1,42,VN
Vietnam,2021,37,44,VN
Vietnam,2022,34.3,48,VN
Yemen,2011,20.72,123,YE
Yemen,2012,19.2,139,YE
Yemen,2013,19.3,142,YE
Yemen,2014,19.5,141,YE
Yemen,2015,20.8,137,YE
Yemen,2016,14.6,128,YE
Yemen,2017,15.6,127,YE
Yemen,2018,15,126,YE
Yemen,2019,14.5,129,YE
Yemen,2020,13.6,131,YE
Yemen,2021,15.4,131,YE
Yemen,2022,13.8,128,YE
Zambia,2011,25.27,114,ZM
Zambia,2012,26.4,107,ZM
Zambia,2013,26.8,118,ZM
Zambia,2014,25.8,121,ZM
Zambia,2015,24.6,124,ZM
Zambia,2016,19.9,125,ZM
Zambia,2017,20.8,124,ZM
Zambia,2018,20.7,120,ZM
Zambia,2019,20.4,124,ZM
Zambia,2020,19.4,122,ZM
Zambia,2021,19.8,121,ZM
Zambia,2022,15.8,118,ZM
Zimbabue,2011,23.54,119,ZW
Zimbabue,2012,25.7,115,ZW
Zimbabue,2013,24,132,ZW
Zimbabue,2014,24.3,130,ZW
Zimbabue,2015,22.5,133,ZW
Zimbabue,2016,0,0,ZW
Zimbabue,2017,21.8,121,ZW
Zimbabue,2018,23.1,113,ZW
Zimbabue,2019,22.3,122,ZW
Zimbabue,2020,20,120,ZW
Zimbabue,2021,21.9,113,ZW
Zimbabue,2022,18.1,107,ZW
