País,Acumulado ,1993,1994,1995,1996,1997,1998,1999,2000,2001,2002,2003,2004,2005,2006,2007,2008,2009,2010,2011,2012,2013,2014,2015,2016,2017,2018,2019,2020,2021,2022,2023,2024,1T 2025 P,2T 2025 P,3T 2025 P
Afganistán,2,-,-,-,-,-,-,-,-,-,-,-,-,-,-,-,-,-,-,-,-,1,-,-,-,1,-,-,-,-,-,-,-,-,-,-
Albania,-,-,-,-,-,-,-,-,-,-,-,-,-,-,-,-,-,-,-,-,-,-,-,-,-,-,-,-,-,-,-,-,-,-,-,-
Alemania,21115,458,395,205,214,227,215,351,525,480,736,610,726,806,877,885,899,786,712,960,1027,939,886,805,653,625,676,596,680,798,619,692,731,176,149,194
Andorra,3,-,-,-,-,-,-,-,-,-,-,-,-,-,-,-,-,-,-,-,-,-,-,-,-,-,-,1,-,-,1,-,1,-,-,-
Angola,-,-,-,-,-,-,-,-,-,-,-,-,-,-,-,-,-,-,-,-,-,-,-,-,-,-,-,-,-,-,-,-,-,-,-,-
Antigua y Barbuda,-,-,-,-,-,-,-,-,-,-,-,-,-,-,-,-,-,-,-,-,-,-,-,-,-,-,-,-,-,-,-,-,-,-,-,-
Arabia Saudita,45,-,-,-,-,-,-,-,-,-,-,2,-,-,-,1,-,-,1,7,4,3,2,7,4,4,4,3,2,-,-,-,1,-,-,-
Argelia,1,-,-,-,-,-,-,-,-,-,-,-,-,-,-,-,-,-,-,-,-,-,-,-,1,-,-,-,-,-,-,-,-,-,-,-
Argentina,190,-,8,3,5,1,-,1,6,3,2,2,5,7,9,5,6,13,7,10,16,6,7,11,8,7,11,5,4,4,8,5,3,1,1,-
Armenia,-,-,-,-,-,-,-,-,-,-,-,-,-,-,-,-,-,-,-,-,-,-,-,-,-,-,-,-,-,-,-,-,-,-,-,-
Australia,1759,-,21,20,14,15,13,25,26,31,41,36,44,63,77,103,83,81,79,94,95,65,85,70,69,64,-,61,35,63,62,99,91,21,13,18
Austria,1302,-,11,9,6,9,3,15,23,14,20,22,23,45,25,47,36,35,20,53,66,44,49,70,63,52,52,63,81,94,64,77,72,17,22,21
Azerbaiyán,59,-,-,-,-,-,-,-,-,-,-,-,-,-,-,-,-,-,-,-,-,-,-,-,-,-,59,-,-,-,-,-,-,-,-,-
Bahamas,38,-,-,-,-,-,-,-,-,-,-,-,-,-,-,2,3,2,-,-,2,1,5,9,7,2,2,-,-,-,1,-,1,1,-,1
Bahrein,1,-,-,-,-,-,-,-,-,-,-,-,-,-,-,-,-,-,-,-,-,-,-,-,-,-,-,-,1,-,-,-,-,-,-,-
Bangladesh,-,-,-,-,-,-,-,-,-,-,-,-,-,-,-,-,-,-,-,-,-,-,-,-,-,-,-,-,-,-,-,-,-,-,-,-
Barbados,55,-,-,-,-,-,-,-,-,-,-,4,-,-,-,3,3,7,4,4,4,4,-,4,2,1,3,6,1,3,1,1,-,-,-,-
Belarús (República de),-,-,-,-,-,-,-,-,-,-,-,-,-,-,-,-,-,-,-,-,-,-,-,-,-,-,-,-,-,-,-,-,-,-,-,-
Bélgica,2375,-,46,26,20,16,26,30,55,57,64,72,51,61,59,66,96,66,96,117,177,116,104,82,79,88,74,87,93,109,91,104,95,31,21,23
Belice,11,-,-,-,-,-,-,-,-,-,-,-,-,-,-,3,1,-,-,2,-,-,-,1,2,-,-,1,-,-,-,-,1,-,-,-
Benin,-,-,-,-,-,-,-,-,-,-,-,-,-,-,-,-,-,-,-,-,-,-,-,-,-,-,-,-,-,-,-,-,-,-,-,-
Bhután,-,-,-,-,-,-,-,-,-,-,-,-,-,-,-,-,-,-,-,-,-,-,-,-,-,-,-,-,-,-,-,-,-,-,-,-
Bolivia,-,-,-,-,-,-,-,-,-,-,-,-,-,-,-,-,-,-,-,-,-,-,-,-,-,-,-,-,-,-,-,-,-,-,-,-
Bosnia y Herzegovina,2,-,-,-,-,-,-,-,-,-,-,-,-,-,-,-,-,-,-,-,-,-,-,-,-,1,1,-,-,-,-,-,-,-,-,-
Botswana,-,-,-,-,-,-,-,-,-,-,-,-,-,-,-,-,-,-,-,-,-,-,-,-,-,-,-,-,-,-,-,-,-,-,-,-
Brasil,827,-,19,8,6,4,6,4,14,14,17,12,17,26,37,51,24,26,36,31,48,49,43,39,28,24,26,27,19,34,34,32,54,9,9,14
Brunei Darussalam,-,-,-,-,-,-,-,-,-,-,-,-,-,-,-,-,-,-,-,-,-,-,-,-,-,-,-,-,-,-,-,-,-,-,-,-
Bulgaria,12,-,-,-,-,-,1,-,-,-,-,-,1,-,-,-,1,1,1,-,-,-,1,1,-,1,-,-,-,1,-,3,-,-,-,-
Burkina Faso,-,-,-,-,-,-,-,-,-,-,-,-,-,-,-,-,-,-,-,-,-,-,-,-,-,-,-,-,-,-,-,-,-,-,-,-
Burundi,-,-,-,-,-,-,-,-,-,-,-,-,-,-,-,-,-,-,-,-,-,-,-,-,-,-,-,-,-,-,-,-,-,-,-,-
Cabo Verde,-,-,-,-,-,-,-,-,-,-,-,-,-,-,-,-,-,-,-,-,-,-,-,-,-,-,-,-,-,-,-,-,-,-,-,-
Camboya,-,-,-,-,-,-,-,-,-,-,-,-,-,-,-,-,-,-,-,-,-,-,-,-,-,-,-,-,-,-,-,-,-,-,-,-
Camerún,-,-,-,-,-,-,-,-,-,-,-,-,-,-,-,-,-,-,-,-,-,-,-,-,-,-,-,-,-,-,-,-,-,-,-,-
Canadá,4133,-,47,56,59,67,55,69,65,89,125,115,126,147,192,170,199,161,181,191,184,200,149,142,142,130,113,144,105,151,145,154,174,47,39,31
Chad,-,-,-,-,-,-,-,-,-,-,-,-,-,-,-,-,-,-,-,-,-,-,-,-,-,-,-,-,-,-,-,-,-,-,-,-
Chile,211,-,-,-,-,-,-,-,-,-,-,-,1,-,-,6,2,8,7,6,17,12,7,10,4,12,13,11,6,16,12,24,27,4,6,7
China,3476,-,3,1,-,1,1,3,2,1,-,1,8,10,19,17,20,21,30,41,77,139,146,96,144,243,492,223,134,238,219,342,537,172,96,138
Chipre,54,-,-,-,-,-,-,-,-,-,-,-,-,-,-,-,3,5,3,6,7,3,3,4,2,1,2,3,6,1,1,-,3,-,1,1
Colombia,122,-,-,-,-,-,-,-,-,-,-,2,-,-,-,3,2,5,5,3,6,6,5,8,6,12,4,8,5,10,7,11,11,1,2,2
Comoras,-,-,-,-,-,-,-,-,-,-,-,-,-,-,-,-,-,-,-,-,-,-,-,-,-,-,-,-,-,-,-,-,-,-,-,-
Congo,-,-,-,-,-,-,-,-,-,-,-,-,-,-,-,-,-,-,-,-,-,-,-,-,-,-,-,-,-,-,-,-,-,-,-,-
"Corea, Rep. Pop. Dem. de (Norte)",39,-,-,-,-,-,-,-,-,-,-,8,5,-,-,5,9,2,2,-,1,-,-,-,1,2,1,2,-,-,-,1,-,-,1,-
"Corea, República de (Sur)",4260,-,4,6,2,1,4,29,41,49,56,38,61,73,97,128,218,249,309,254,313,234,253,177,179,155,127,141,129,171,221,208,193,84,61,69
Costa Rica,5,-,-,-,-,-,-,-,-,-,-,-,-,-,-,1,1,-,-,-,-,-,-,-,1,1,-,1,-,-,-,-,-,-,-,-
Côte d’Ivoire (Costa de Marfil),-,-,-,-,-,-,-,-,-,-,-,-,-,-,-,-,-,-,-,-,-,-,-,-,-,-,-,-,-,-,-,-,-,-,-,-
Croacia,18,-,-,-,-,-,-,-,-,-,-,-,5,-,-,8,1,-,-,2,-,-,-,-,-,1,-,-,1,-,-,-,-,-,-,-
Cuba,113,-,-,-,-,-,-,-,-,-,-,4,4,-,-,6,11,8,8,8,9,9,5,8,2,9,5,4,1,4,-,4,2,2,-,1
Dinamarca,2075,-,18,10,7,4,6,15,27,40,42,31,40,42,37,78,75,81,90,155,160,82,86,100,88,80,71,72,82,89,113,107,105,15,27,16
"Djibouti, (Yibuti)",-,-,-,-,-,-,-,-,-,-,-,-,-,-,-,-,-,-,-,-,-,-,-,-,-,-,-,-,-,-,-,-,-,-,-,-
Dominica,-,-,-,-,-,-,-,-,-,-,-,-,-,-,-,-,-,-,-,-,-,-,-,-,-,-,-,-,-,-,-,-,-,-,-,-
Ecuador,7,-,-,-,-,-,-,-,-,-,-,-,1,-,-,-,-,1,2,-,-,-,1,-,-,-,-,-,-,-,1,1,-,-,-,-
Egipto,1,-,-,-,-,-,-,-,-,-,-,-,-,-,-,-,-,-,-,-,-,-,-,-,-,1,-,-,-,-,-,-,-,-,-,-
El Salvador,3,-,-,-,-,-,-,-,-,-,-,-,-,-,-,-,-,-,-,-,-,1,-,-,-,-,1,-,-,-,-,1,-,-,-,-
Emiratos Árabes Unidos,20,-,-,-,-,-,-,-,-,-,-,-,-,-,-,-,-,-,1,1,-,-,-,2,-,-,1,4,2,2,-,-,3,4,-,1
Eritrea,1,-,-,-,-,-,-,-,-,-,-,-,-,-,-,-,-,-,-,-,-,-,-,1,-,-,-,-,-,-,-,-,-,-,-,-
Eslovaquia,31,-,-,-,-,-,-,-,-,-,1,-,1,-,-,-,1,-,1,-,2,1,4,2,-,5,1,-,-,1,3,4,3,1,-,-
Eslovenia,54,-,-,-,-,-,-,-,-,-,-,-,-,-,-,7,6,5,2,4,4,3,2,4,2,1,3,1,2,2,2,-,3,1,-,-
España,1750,-,-,-,-,-,-,-,-,-,-,-,-,-,-,-,-,-,-,141,142,107,116,123,110,119,105,106,123,133,90,129,136,30,40,28
Estados Unidos de América,129958,3714,2367,2198,2084,2873,2060,2324,3158,3237,3706,3368,3552,4338,5180,5094,5483,4831,4769,5612,5924,4792,4514,4270,4032,3950,4176,4074,3113,4686,4675,4798,4768,1200,1046,1175
Estonia,7,-,-,-,-,-,-,-,-,-,-,-,-,-,-,-,-,-,-,1,1,1,-,-,-,-,-,-,-,-,-,2,2,-,-,-
Eswatini (Suazilandia),5,-,-,-,-,-,-,-,-,-,-,-,-,-,-,2,1,-,-,-,-,-,-,-,,,,-,-,2,-,-,-,-,-,-
Etiopía,-,-,-,-,-,-,-,-,-,-,-,-,-,-,-,-,-,-,-,-,-,-,-,-,-,-,-,-,-,-,-,-,-,-,-,-
"Fiji, (Fiyi)",-,-,-,-,-,-,-,-,-,-,-,-,-,-,-,-,-,-,-,-,-,-,-,-,-,-,-,-,-,-,-,-,-,-,-,-
Filipinas,9,-,-,-,-,-,-,-,-,-,-,-,-,-,-,-,-,-,-,-,3,-,-,1,-,-,1,2,1,-,-,1,-,-,-,-
Finlandia,1552,-,14,6,6,7,5,11,18,12,25,31,44,46,69,90,85,111,92,85,83,70,64,49,52,47,42,53,47,59,48,59,98,13,11,19
Francia,12278,251,210,162,108,120,117,209,333,298,335,337,522,558,711,745,682,592,439,551,568,500,398,432,380,359,328,275,320,353,293,305,339,85,65,95
Gabón,3,-,-,-,-,-,-,-,-,-,-,-,1,-,-,1,-,-,1,-,-,-,-,-,-,-,-,-,-,-,-,-,-,-,-,-
Gambia,-,-,-,-,-,-,-,-,-,-,-,-,-,-,-,-,-,-,-,-,-,-,-,-,-,-,-,-,-,-,-,-,-,-,-,-
Georgia,-,-,-,-,-,-,-,-,-,-,-,-,-,-,-,-,-,-,-,-,-,-,-,-,-,-,-,-,-,-,-,-,-,-,-,-
Ghana,-,-,-,-,-,-,-,-,-,-,-,-,-,-,-,-,-,-,-,-,-,-,-,-,-,-,-,-,-,-,-,-,-,-,-,-
Granada,-,-,-,-,-,-,-,-,-,-,-,-,-,-,-,-,-,-,-,-,-,-,-,-,-,-,-,-,-,-,-,-,-,-,-,-
Grecia,120,-,-,1,1,1,-,-,-,-,3,6,3,3,4,2,1,8,2,1,5,5,4,5,3,4,7,3,16,7,5,8,6,3,3,3
Guatemala,2,-,-,-,-,-,-,-,-,-,-,-,-,-,-,-,-,-,1,-,-,-,-,-,-,-,-,-,-,-,-,-,1,-,-,-
Guinea,-,-,-,-,-,-,-,-,-,-,-,-,-,-,-,-,-,-,-,-,-,-,-,-,-,-,-,-,-,-,-,-,-,-,-,-
Guinea Bissau,-,-,-,-,-,-,-,-,-,-,-,-,-,-,-,-,-,-,-,-,-,-,-,-,-,-,-,-,-,-,-,-,-,-,-,-
Guinea Ecuatorial,-,-,-,-,-,-,-,-,-,-,-,-,-,-,-,-,-,-,-,-,-,-,-,-,-,-,-,-,-,-,-,-,-,-,-,-
Guyana,-,-,-,-,-,-,-,-,-,-,-,-,-,-,-,-,-,-,-,-,-,-,-,-,-,-,-,-,-,-,-,-,-,-,-,-
Haití,-,-,-,-,-,-,-,-,-,-,-,-,-,-,-,-,-,-,-,-,-,-,-,-,-,-,-,-,-,-,-,-,-,-,-,-
Honduras,-,-,-,-,-,-,-,-,-,-,-,-,-,-,-,-,-,-,-,-,-,-,-,-,-,-,-,-,-,-,-,-,-,-,-,-
"Hong Kong, China",35,-,-,-,-,-,-,-,-,-,-,4,4,-,-,2,1,-,-,4,4,3,1,-,-,1,-,2,3,-,2,2,2,-,-,1
Hungría,185,-,3,5,6,-,1,2,2,3,3,14,8,3,4,6,4,15,3,11,9,8,7,12,5,2,8,3,5,7,11,10,4,-,1,1
India,864,-,1,1,1,-,1,1,-,-,4,2,7,17,19,22,27,29,29,50,48,45,37,40,43,41,44,48,41,66,62,58,57,13,10,25
Indonesia,5,-,-,-,-,-,-,-,-,-,-,2,-,-,-,-,-,-,-,-,-,-,1,-,-,-,-,1,-,-,-,-,-,1,-,-
Irán (República Islámica del),3,-,-,-,-,-,-,-,-,-,-,-,-,-,-,-,-,-,1,1,-,-,-,-,-,-,-,-,-,-,1,-,-,-,-,-
Iraq,-,-,-,-,-,-,-,-,-,-,-,-,-,-,-,-,-,-,-,-,-,-,-,-,-,-,-,-,-,-,-,-,-,-,-,-
Irlanda,868,-,3,2,-,3,-,1,24,2,6,12,10,17,21,22,20,28,33,46,47,32,34,22,18,30,29,51,36,69,72,58,76,28,17,14
Islandia,29,-,-,-,-,-,-,-,-,-,-,4,1,-,-,1,1,2,1,4,2,5,1,2,2,1,-,-,1,-,-,-,1,-,-,-
Islas Cook,-,-,-,-,-,-,-,-,-,-,-,-,-,-,-,-,-,-,-,-,-,-,-,-,-,-,-,-,-,-,-,-,-,-,-,-
Islas Marshall,-,-,-,-,-,-,-,-,-,-,-,-,-,-,-,-,-,-,-,-,-,-,-,-,-,-,-,-,-,-,-,-,-,-,-,-
Islas Salomón,-,-,-,-,-,-,-,-,-,-,-,-,-,-,-,-,-,-,-,-,-,-,-,-,-,-,-,-,-,-,-,-,-,-,-,-
Israel,1218,-,15,9,14,7,7,18,1,15,18,21,27,25,42,43,48,46,45,47,64,57,52,65,38,43,59,53,54,64,69,82,42,18,10,12
Italia,2769,-,-,-,-,-,-,-,-,-,-,-,-,-,-,-,-,-,-,221,203,207,195,193,137,138,139,176,216,229,172,207,231,49,56,53
Jamaica,1,-,-,-,-,-,-,-,-,-,-,-,-,-,-,-,-,-,1,-,-,-,-,-,-,-,-,-,-,-,-,-,-,-,-,-
Japón,14480,220,175,123,101,98,102,134,243,218,256,197,234,284,378,418,407,399,401,579,794,665,709,601,566,570,615,751,659,780,786,887,792,182,159,159
Jordania,7,-,-,-,-,-,-,-,-,-,-,-,-,-,-,-,-,-,1,-,-,-,-,1,-,-,3,1,-,1,-,-,-,-,-,-
Kazajstán,4,-,-,-,-,-,-,-,-,-,-,-,-,-,-,-,1,-,2,-,1,-,-,-,-,-,-,-,-,-,-,-,-,-,-,-
Kenya,2,-,-,-,-,-,-,-,-,-,-,-,-,-,-,-,-,1,-,-,1,-,-,-,-,-,-,-,-,-,-,-,-,-,-,-
Kirguistán,-,-,-,-,-,-,-,-,-,-,-,-,-,-,-,-,-,-,-,-,-,-,-,-,-,-,-,-,-,-,-,-,-,-,-,-
Kiribati,-,-,-,-,-,-,-,-,-,-,-,-,-,-,-,-,-,-,-,-,-,-,-,-,-,-,-,-,-,-,-,-,-,-,-,-
Kuwait,1,-,-,-,-,-,-,-,-,-,-,-,-,-,-,-,-,-,-,-,-,-,-,-,-,-,-,-,-,-,-,-,-,-,1,-
Laos (Rep. Dem. Popular ),-,-,-,-,-,-,-,-,-,-,-,-,-,-,-,-,-,-,-,-,-,-,-,-,-,-,-,-,-,-,-,-,-,-,-,-
Lesotho,-,-,-,-,-,-,-,-,-,-,-,-,-,-,-,-,-,-,-,-,-,-,-,-,-,-,-,-,-,-,-,-,-,-,-,-
Letonia,15,-,-,-,-,-,-,-,-,-,-,-,-,-,-,1,1,-,-,1,2,-,3,-,-,1,-,3,1,-,-,1,-,-,1,-
Líbano,3,-,-,-,-,-,-,-,-,-,-,-,-,-,-,-,1,-,1,-,-,-,-,-,-,1,-,-,-,-,-,-,-,-,-,-
Liberia,-,-,-,-,-,-,-,-,-,-,-,-,-,-,-,-,-,-,-,-,-,-,-,-,-,-,-,-,-,-,-,-,-,-,-,-
Libia,-,-,-,-,-,-,-,-,-,-,-,-,-,-,-,-,-,-,-,-,-,-,-,-,-,-,-,-,-,-,-,-,-,-,-,-
Liechtenstein,139,-,6,4,3,2,7,3,6,4,7,4,1,2,2,4,9,4,2,6,6,2,8,2,2,9,1,4,6,5,9,4,4,1,-,1
Lituania,3,-,-,-,-,-,-,-,-,-,-,-,-,-,-,-,-,-,-,-,-,-,-,-,-,-,-,1,-,-,-,1,-,1,-,-
Luxemburgo,732,-,3,4,4,2,1,5,5,3,6,10,7,10,14,16,29,37,24,28,21,22,40,38,32,28,20,20,40,54,37,56,69,33,14,13
"Macao, China",6,-,-,-,-,-,-,-,-,-,-,-,-,-,-,-,-,-,-,-,-,-,-,-,-,-,-,-,-,3,3,-,-,-,-,-
Macedonia del Norte,-,-,-,-,-,-,-,-,-,-,-,-,-,-,-,-,-,-,-,-,-,-,-,-,-,-,-,-,-,-,-,-,-,-,-,-
Madagascar,-,-,-,-,-,-,-,-,-,-,-,-,-,-,-,-,-,-,-,-,-,-,-,-,-,-,-,-,-,-,-,-,-,-,-,-
Malasia,53,-,-,-,-,-,-,-,-,-,-,1,-,-,-,-,2,1,2,3,2,4,5,5,3,4,2,4,1,2,4,3,4,1,-,-
Malawi,2,-,-,-,-,-,-,-,-,-,-,-,-,-,-,-,-,-,1,-,1,-,-,-,-,-,-,-,-,-,-,-,-,-,-,-
Maldivas,-,-,-,-,-,-,-,-,-,-,-,-,-,-,-,-,-,-,-,-,-,-,-,-,-,-,-,-,-,-,-,-,-,-,-,-
Malí,-,-,-,-,-,-,-,-,-,-,-,-,-,-,-,-,-,-,-,-,-,-,-,-,-,-,-,-,-,-,-,-,-,-,-,-
Malta,73,-,-,-,-,-,-,-,-,-,-,-,1,-,-,1,-,1,3,3,3,7,2,2,1,2,8,5,1,8,12,8,4,1,-,3
Marruecos,8,-,-,-,-,-,-,-,-,-,-,-,1,-,-,-,-,-,-,1,-,2,-,-,-,-,-,-,-,1,1,1,-,1,-,-
Mauricio,12,-,-,-,-,-,-,-,-,-,-,-,-,-,-,1,-,-,1,-,2,1,-,-,-,-,-,2,1,-,1,-,3,-,-,-
Mauritania,-,-,-,-,-,-,-,-,-,-,-,-,-,-,-,-,-,-,-,-,-,-,-,-,-,-,-,-,-,-,-,-,-,-,-,-
México,9494,343,288,148,116,112,141,120,118,118,139,121,162,131,132,199,197,213,229,245,281,302,305,410,426,407,457,438,397,618,507,575,700,192,225,254
Moldova,1,-,-,-,-,-,-,-,-,-,-,-,-,-,-,-,-,-,-,-,-,-,-,1,-,-,-,-,-,-,-,-,-,-,-,-
Mónaco,36,-,-,-,-,-,-,-,-,-,-,3,7,-,-,2,2,2,2,3,1,1,2,3,1,1,1,1,2,-,-,1,1,-,-,-
Mongolia,-,-,-,-,-,-,-,-,-,-,-,-,-,-,-,-,-,-,-,-,-,-,-,-,-,-,-,-,-,-,-,-,-,-,-,-
Montenegro,-,-,-,-,-,-,-,-,-,-,-,-,-,-,-,-,-,-,-,-,-,-,-,-,-,-,-,-,-,-,-,-,-,-,-,-
Mozambique,-,-,-,-,-,-,-,-,-,-,-,-,-,-,-,-,-,-,-,-,-,-,-,-,-,-,-,-,-,-,-,-,-,-,-,-
Myanmar (Birmania),-,-,-,-,-,-,-,-,-,-,-,-,-,-,-,-,-,-,-,-,-,-,-,-,-,-,-,-,-,-,-,-,-,-,-,-
Namibia,-,-,-,-,-,-,-,-,-,-,-,-,-,-,-,-,-,-,-,-,-,-,-,-,-,-,-,-,-,-,-,-,-,-,-,-
Nauru,-,-,-,-,-,-,-,-,-,-,-,-,-,-,-,-,-,-,-,-,-,-,-,-,-,-,-,-,-,-,-,-,-,-,-,-
Nepal,-,-,-,-,-,-,-,-,-,-,-,-,-,-,-,-,-,-,-,-,-,-,-,-,-,-,-,-,-,-,-,-,-,-,-,-
Nicaragua,-,-,-,-,-,-,-,-,-,-,-,-,-,-,-,-,-,-,-,-,-,-,-,-,-,-,-,-,-,-,-,-,-,-,-,-
Níger,-,-,-,-,-,-,-,-,-,-,-,-,-,-,-,-,-,-,-,-,-,-,-,-,-,-,-,-,-,-,-,-,-,-,-,-
Nigeria,-,-,-,-,-,-,-,-,-,-,-,-,-,-,-,-,-,-,-,-,-,-,-,-,-,-,-,-,-,-,-,-,-,-,-,-
Noruega,1078,-,6,6,10,6,5,5,12,11,23,16,14,16,28,38,45,30,47,60,64,59,56,46,54,48,50,49,33,44,49,56,73,10,9,7
Nueva Zelandia,296,-,3,3,5,-,2,3,3,7,3,7,7,8,14,10,14,15,12,10,17,8,17,10,9,7,17,15,4,13,15,16,19,3,-,5
Omán,1,-,-,-,-,-,-,-,-,-,-,-,-,-,-,-,-,-,-,-,-,-,-,-,-,-,-,-,-,-,1,-,-,-,-,-
Países Bajos,7582,-,73,60,48,36,52,70,117,127,182,140,222,271,277,341,396,369,361,415,422,363,350,338,323,282,270,254,275,283,252,258,247,57,51,85
Pakistán,-,-,-,-,-,-,-,-,-,-,-,-,-,-,-,-,-,-,-,-,-,-,-,-,-,-,-,-,-,-,-,-,-,-,-,-
Palau,-,-,-,-,-,-,-,-,-,-,-,-,-,-,-,-,-,-,-,-,-,-,-,-,-,-,-,-,-,-,-,-,-,-,-,-
Panamá,47,-,-,-,-,-,-,-,-,-,-,9,-,-,-,1,4,3,3,2,2,5,2,-,4,1,3,1,2,1,-,3,1,-,-,1
Papua Nueva Guinea,-,-,-,-,-,-,-,-,-,-,-,-,-,-,-,-,-,-,-,-,-,-,-,-,-,-,-,-,-,-,-,-,-,-,-,-
Paraguay,2,-,-,-,-,-,-,-,-,-,-,-,-,-,-,-,-,-,-,-,-,-,1,-,1,-,-,-,-,-,-,-,-,-,-,-
Perú,21,-,-,-,-,-,-,-,-,-,-,-,-,-,-,-,1,1,-,-,-,2,-,1,1,-,3,-,1,-,1,3,2,2,3,-
Polonia,110,-,-,-,-,-,-,-,-,1,-,2,-,3,1,-,-,6,-,-,2,2,8,10,6,3,4,10,9,8,8,11,13,-,3,2
Portugal,114,-,-,1,2,-,-,-,2,1,1,6,2,-,2,6,2,6,1,7,8,5,3,4,6,7,6,9,2,7,3,7,4,3,1,4
Qatar,3,-,-,-,-,-,-,-,-,-,-,-,-,-,-,-,-,-,-,-,-,-,-,-,-,-,1,-,1,-,-,-,-,1,-,-
Reino Unido,6588,206,175,136,70,90,114,124,167,167,197,156,181,234,265,272,252,266,206,302,305,257,243,237,196,179,142,167,189,269,224,214,257,67,63,63
Rep. Centroafricana,-,-,-,-,-,-,-,-,-,-,-,-,-,-,-,-,-,-,-,-,-,-,-,-,-,-,-,-,-,-,-,-,-,-,-,-
Rep. Dem. del Congo,-,-,-,-,-,-,-,-,-,-,-,-,-,-,-,-,-,-,-,-,-,-,-,-,-,-,-,-,-,-,-,-,-,-,-,-
República Checa,76,-,-,-,-,-,-,-,-,-,1,-,4,-,1,2,3,2,1,-,3,3,4,1,7,4,2,3,3,7,8,10,5,2,1,1
República Dominicana,7,-,-,-,-,-,-,-,-,-,-,-,-,-,-,-,1,-,1,1,-,1,1,-,1,-,-,-,-,-,-,-,-,1,-,-
Rumania,17,-,-,-,2,-,-,-,-,1,1,2,-,-,-,-,-,1,1,2,1,1,1,-,1,-,2,-,-,-,-,-,-,-,1,-
"Rusia, (Federación de)",158,-,3,2,-,-,-,1,-,2,-,2,3,1,8,4,5,2,-,3,6,13,2,10,5,8,13,9,4,16,13,12,7,4,-,4
Rwanda,-,-,-,-,-,-,-,-,-,-,-,-,-,-,-,-,-,-,-,-,-,-,-,-,-,-,-,-,-,-,-,-,-,-,-,-
Saint Kitts y Nevis,7,-,-,-,-,-,-,-,-,-,-,-,-,-,-,-,-,-,-,-,-,1,1,-,-,1,1,1,-,2,-,-,-,-,-,-
Samoa,3,-,-,-,-,-,-,-,-,-,-,-,-,-,-,-,-,-,-,-,-,-,-,2,-,-,-,-,-,-,1,-,-,-,-,-
San Marino,1,-,-,-,-,-,-,-,-,-,-,-,-,-,-,-,-,-,-,-,-,-,-,-,-,1,-,-,-,-,-,-,-,-,-,-
San Vicente y las Granadinas,11,-,-,-,-,-,-,-,-,-,-,-,-,-,-,-,-,-,-,-,1,3,4,3,-,-,-,-,-,-,-,-,-,-,-,-
Santa Lucía,-,-,-,-,-,-,-,-,-,-,-,-,-,-,-,-,-,-,-,-,-,-,-,-,-,-,-,-,-,-,-,-,-,-,-,-
Santo Tomé y Príncipe,-,-,-,-,-,-,-,-,-,-,-,-,-,-,-,-,-,-,-,-,-,-,-,-,-,-,-,-,-,-,-,-,-,-,-,-
Senegal,-,-,-,-,-,-,-,-,-,-,-,-,-,-,-,-,-,-,-,-,-,-,-,-,-,-,-,-,-,-,-,-,-,-,-,-
Serbia,3,-,-,-,-,-,-,-,-,-,-,-,-,-,-,-,-,-,-,1,-,-,-,-,-,-,1,-,-,-,-,-,1,-,-,-
Seychelles,6,-,-,-,-,-,-,-,-,-,-,-,-,-,-,-,2,-,-,1,1,-,-,1,1,-,-,-,-,-,-,-,-,-,-,-
Sierra Leona,-,-,-,-,-,-,-,-,-,-,-,-,-,-,-,-,-,-,-,-,-,-,-,-,-,-,-,-,-,-,-,-,-,-,-,-
Singapur,336,-,-,-,-,-,-,-,-,-,-,2,-,-,-,4,11,12,12,5,12,22,16,39,39,20,17,17,16,21,15,21,25,5,5,12
"Siria, (Rep. Árabe)",1,-,-,-,-,-,-,-,-,-,-,-,-,-,-,-,-,-,-,-,-,-,-,-,-,-,-,-,-,-,-,-,1,-,-,-
Somalia,-,-,-,-,-,-,-,-,-,-,-,-,-,-,-,-,-,-,-,-,-,-,-,-,-,-,-,-,-,-,-,-,-,-,-,-
Sri Lanka,3,-,-,-,-,-,-,-,-,-,-,-,-,-,-,-,-,-,-,-,-,-,-,-,1,-,-,-,-,-,1,1,-,-,-,-
Sudáfrica,266,-,6,1,3,5,3,4,4,4,5,10,7,7,6,9,12,16,12,14,21,11,9,8,6,9,12,8,10,10,7,7,11,6,4,-
Sudán,-,-,-,-,-,-,-,-,-,-,-,-,-,-,-,-,-,-,-,-,-,-,-,-,-,-,-,-,-,-,-,-,-,-,-,-
Suecia,4768,-,46,82,88,41,69,64,77,131,147,175,176,188,150,149,173,177,177,266,227,177,149,133,133,143,130,167,138,176,178,236,296,52,58,47
Suiza,12969,256,228,109,101,112,101,152,228,181,246,241,315,386,506,506,538,553,585,775,753,630,570,532,497,492,427,432,515,499,411,431,437,108,119,121
Suriname,-,-,-,-,-,-,-,-,-,-,-,-,-,-,-,-,-,-,-,-,-,-,-,-,-,-,-,-,-,-,-,-,-,-,-,-
Tailandia,14,-,-,-,-,-,-,-,-,-,-,-,-,-,-,1,-,-,-,-,-,1,-,-,2,-,2,-,-,1,-,2,4,1,-,1
"Tanzania, (Rep. Unida de)",2,-,-,-,-,-,-,-,-,-,-,-,-,-,-,-,-,-,-,-,-,-,-,-,-,-,1,-,-,1,-,-,-,-,-,-
Tayikistán,-,-,-,-,-,-,-,-,-,-,-,-,-,-,-,-,-,-,-,-,-,-,-,-,-,-,-,-,-,-,-,-,-,-,-,-
Timor-Leste (Timor Oriental),-,-,-,-,-,-,-,-,-,-,-,-,-,-,-,-,-,-,-,-,-,-,-,-,-,-,-,-,-,-,-,-,-,-,-,-
Togo,-,-,-,-,-,-,-,-,-,-,-,-,-,-,-,-,-,-,-,-,-,-,-,-,-,-,-,-,-,-,-,-,-,-,-,-
Tonga,-,-,-,-,-,-,-,-,-,-,-,-,-,-,-,-,-,-,-,-,-,-,-,-,-,-,-,-,-,-,-,-,-,-,-,-
Trinidad y Tobago,1,-,-,-,-,-,-,-,-,-,-,-,-,-,-,-,-,-,-,-,1,-,-,-,-,-,-,-,-,-,-,-,-,-,-,-
Túnez,1,-,-,-,-,-,-,-,-,-,-,-,-,-,-,-,-,-,-,-,-,-,-,-,-,-,-,-,-,1,-,-,-,-,-,-
Turkmenistán,-,-,-,-,-,-,-,-,-,-,-,-,-,-,-,-,-,-,-,-,-,-,-,-,-,-,-,-,-,-,-,-,-,-,-,-
Turquía,60,-,-,-,-,-,-,-,-,-,2,-,1,-,2,2,-,1,1,4,2,2,1,4,4,3,3,2,9,5,2,5,4,1,-,3
Tuvalu,-,-,-,-,-,-,-,-,-,-,-,-,-,-,-,-,-,-,-,-,-,-,-,-,-,-,-,-,-,-,-,-,-,-,-,-
Ucrania,13,-,-,-,-,-,-,-,-,-,-,2,-,-,-,2,-,-,-,2,-,-,1,-,2,-,1,1,-,-,-,1,1,-,-,-
Uganda,3,-,-,-,-,-,-,-,-,-,-,2,1,-,-,-,-,-,-,-,-,-,-,-,-,-,-,-,-,-,-,-,-,-,-,-
Uruguay,22,-,-,-,-,-,-,-,-,-,-,1,1,-,-,2,1,2,2,-,3,2,-,-,-,-,1,-,-,-,3,1,3,-,-,1
Uzbekistán,-,-,-,-,-,-,-,-,-,-,-,-,-,-,-,-,-,-,-,-,-,-,-,-,-,-,-,-,-,-,-,-,-,-,-,-
Vanuatu,-,-,-,-,-,-,-,-,-,-,-,-,-,-,-,-,-,-,-,-,-,-,-,-,-,-,-,-,-,-,-,-,-,-,-,-
Venezuela,52,-,-,-,-,-,-,-,-,-,-,5,7,-,-,5,3,2,3,3,6,3,5,4,-,1,1,-,1,-,1,-,1,-,1,-
Vietnam,5,-,-,-,-,-,-,-,-,-,-,-,-,-,-,-,-,-,-,-,-,-,1,-,1,2,-,-,-,-,-,1,-,-,-,-
Yemen,-,-,-,-,-,-,-,-,-,-,-,-,-,-,-,-,-,-,-,-,-,-,-,-,-,-,-,-,-,-,-,-,-,-,-,-
Zambia,-,-,-,-,-,-,-,-,-,-,-,-,-,-,-,-,-,-,-,-,-,-,-,-,-,-,-,-,-,-,-,-,-,-,-,-
Zimbabwe,-,-,-,-,-,-,-,-,-,-,-,-,-,-,-,-,-,-,-,-,-,-,-,-,-,-,-,-,-,-,-,-,-,-,-,-
OTROS,4581,735,170,131,80,84,101,106,217,158,191,134,186,270,367,336,275,282,291,19,36,16,33,25,19,18,24,16,41,67,40,49,45,6,13,15
Suma,258380,6183,4367,3538,3186,3944,3219,3899,5519,5479,6611,6008,6838,8098,9632,9957,10440,9629,9399,11485,12330,10343,9819,9338,8657,8510,8921,8702,7726,10369,9698,10471,10908,2768,2439,2765
,,,,,,,,,,,,,,,,,,,,,,,,,,,,,,,,,,,,
Fuente: Dirección Divisional de Patentes,,,,,,,,,,,,,,,,,,,,,,,,,,,,,,,,,,,,
P Cifras preliminares,,,,,,,,,,,,,,,,,,,,,,,,,,,,,,,,,,,,
